"","RR","DET","NRLINE","maxL","L","ENTR","rENTR","LAM","TT","type","filename"
"1",4.47054083057041,88.9200829608381,68055,22,3.20659760487841,1.51244265480084,0.513660722977184,96.4268978921591,4.91776978865776,"Resp","Study2_SurrogateGroup6&9b_TurnTaking.csv"
"2",0.470151719230476,82.6828663525911,4688,13,3.55652730375427,1.69521161309211,0.682203338800167,85.1772873791222,3.7916114790287,"HR","Study2_SurrogateGroup6&9b_TurnTaking.csv"
"3",4.24875980231159,86.0561133929567,56475,21,3.55412129260735,1.68437961502102,0.562259728578065,94.8667049673729,5.45521560119326,"Resp","Study2_SurrogateGroup6&9b_Synchronous.csv"
"4",5.40829523429596,96.2489869117622,19310,161,11.5620403935785,3.03971600678586,0.640623706420518,99.081754065286,20.9282462210891,"HR","Study2_SurrogateGroup6&9b_Synchronous.csv"
"5",5.63986877849567,88.6298524913681,81174,22,3.38046665188361,1.6121871882979,0.529536970502155,94.4436369743774,4.84983082332648,"Resp","Study2_SurrogateGroup6&9b_Conversation.csv"
"6",1.54510064137881,88.8018711332428,12630,27,4.65946159936659,2.10745333314372,0.654717189418145,90.4179870227856,5.14865097095721,"HR","Study2_SurrogateGroup6&9b_Conversation.csv"
"7",4.23589923508771,92.1186396944989,58253,38,3.67721834068632,1.75971444592663,0.522589797503388,95.989868235456,4.65042293428893,"Resp","Study2_SurrogateGroup6&9a_TurnTaking.csv"
"8",0.547488354622863,85.5208244612895,4389,19,4.57552973342447,2.04310229510961,0.736893387295873,94.4595860659228,6.29248226950355,"HR","Study2_SurrogateGroup6&9a_TurnTaking.csv"
"9",4.16012025541159,94.646109923985,48393,72,4.46653441613457,2.05426183590331,0.519902588200969,97.2440186359337,6.11610806642615,"Resp","Study2_SurrogateGroup6&9a_Synchronous.csv"
"10",1.10677421829262,84.7798609648199,7903,26,5.09236998608124,2.21661901214781,0.688631414428227,94.8388455866863,7.10430803219189,"HR","Study2_SurrogateGroup6&9a_Synchronous.csv"
"11",5.84472704903355,93.2153153293544,77613,35,3.85355546106967,1.84028039246396,0.54106839032218,96.1820760156457,4.50327598534927,"Resp","Study2_SurrogateGroup6&9a_Conversation.csv"
"12",0.650331857401223,83.4008532606747,4741,21,4.90677072347606,2.11639424301777,0.781519575285706,94.3104004588965,6.97771883289125,"HR","Study2_SurrogateGroup6&9a_Conversation.csv"
"13",4.82825040362326,92.9633206818233,66050,33,3.73055261165783,1.7839651343038,0.541278348059311,96.6199340511745,5.00654910853926,"Resp","Study2_SurrogateGroup6&8d_TurnTaking.csv"
"14",1.71609457685296,88.9652736264333,14759,20,4.43675045734806,1.99279712716881,0.718749633216053,92.8835389381012,4.94653064177701,"HR","Study2_SurrogateGroup6&8d_TurnTaking.csv"
"15",4.41159352811081,81.8177313662096,57763,32,3.43034468431349,1.60921690367123,0.48825744995751,94.8513714948737,5.61437125748503,"Resp","Study2_SurrogateGroup6&8d_Synchronous.csv"
"16",18.2641294405906,98.6908889444901,39985,491,19.3347755408278,2.9220357535783,0.509945003446683,99.750177441674,77.681578685754,"HR","Study2_SurrogateGroup6&8d_Synchronous.csv"
"17",5.07147178262217,87.7233249283421,71173,23,3.43145574866874,1.63750272503134,0.529757436120701,93.4936747052865,4.58123448967739,"Resp","Study2_SurrogateGroup6&8d_Conversation.csv"
"18",3.57919171208669,89.5031691127136,21815,27,6.29837267934907,2.42592798870061,0.74458444075871,92.5530736810563,6.95554902824693,"HR","Study2_SurrogateGroup6&8d_Conversation.csv"
"19",4.7876831469553,93.3248867125524,63695,48,3.85089881466363,1.84247469466982,0.541713546118693,96.8892084907563,5.01854479523866,"Resp","Study2_SurrogateGroup6&8c_TurnTaking.csv"
"20",1.6830568884746,84.3891559422057,7722,53,7.88888888888889,2.50285326652991,0.665440069537057,99.0676991702107,19.7935233877664,"HR","Study2_SurrogateGroup6&8c_TurnTaking.csv"
"21",3.66628176045499,94.1957409597249,45007,70,4.21232252760682,1.97609057947205,0.535688575366229,97.1102918525732,5.69791848871786,"Resp","Study2_SurrogateGroup6&8c_Synchronous.csv"
"22",3.11764331467104,87.7308046097355,13874,61,8.45545624909903,2.51637035484285,0.726071006394356,99.73152254388,21.3509446045469,"HR","Study2_SurrogateGroup6&8c_Synchronous.csv"
"23",6.63650809004364,93.3522909741684,85315,35,3.98642677137666,1.89595930108043,0.537653279591089,96.0016029819857,4.71379282460444,"Resp","Study2_SurrogateGroup6&8c_Conversation.csv"
"24",0.712676796514652,85.834396571466,3558,20,7.37408656548623,2.16669083209747,0.735858629582079,99.5518042333235,17.8789659224442,"HR","Study2_SurrogateGroup6&8c_Conversation.csv"
"25",5.57068402733945,92.525448724866,75624,44,3.74157674812229,1.78041901292874,0.500772071295569,96.6744165513994,5.04214278405021,"Resp","Study2_SurrogateGroup6&8b_TurnTaking.csv"
"26",1.92513897628864,88.3056800290663,15931,50,4.57686272048208,2.06698439745347,0.586152318523488,90.0375439021436,4.81908342516367,"HR","Study2_SurrogateGroup6&8b_TurnTaking.csv"
"27",4.64058813231957,91.6817139806557,57565,38,4.05734387214453,1.92001656918763,0.582558132349353,95.0971925637483,5.57783252365713,"Resp","Study2_SurrogateGroup6&8b_Synchronous.csv"
"28",40.5025738853977,99.5879509916116,54791,681,31.5747841798835,3.35285405783663,0.545886297401343,99.7246674480132,64.2220203892493,"HR","Study2_SurrogateGroup6&8b_Synchronous.csv"
"29",6.93100779303012,89.797838565211,93550,60,3.65227151256013,1.74071357934677,0.493628931924436,94.7491116671222,5.03075592023555,"Resp","Study2_SurrogateGroup6&8b_Conversation.csv"
"30",5.03716331925948,92.5446432704146,35793,64,5.58598049898025,2.36798768832712,0.689573824047534,93.2046878905418,6.05426939266386,"HR","Study2_SurrogateGroup6&8b_Conversation.csv"
"31",4.12035450718252,93.3826422568338,54852,28,3.85081674323635,1.83943919643268,0.558109903862659,97.2037154111754,5.11677914824296,"Resp","Study2_SurrogateGroup6&8a_TurnTaking.csv"
"32",1.05182020875995,83.4770465276085,6481,25,5.81067736460423,2.40377480098586,0.756366924320688,94.6911089929732,8.51295336787565,"HR","Study2_SurrogateGroup6&8a_TurnTaking.csv"
"33",3.38109048502008,84.3095738376165,47123,25,3.32081998174989,1.56073940214365,0.497765039467998,88.0114217983945,3.7963746223565,"Resp","Study2_SurrogateGroup6&8a_Synchronous.csv"
"34",2.47106521014838,87.7444921451149,14807,38,6.28054298642534,2.46201046490428,0.723865800373251,94.6416945794216,9.60877478685698,"HR","Study2_SurrogateGroup6&8a_Synchronous.csv"
"35",5.26387024015561,92.6524736302982,66634,66,4.01800882432392,1.90454734482674,0.535685202092107,95.5579856593118,4.78125811646148,"Resp","Study2_SurrogateGroup6&8a_Conversation.csv"
"36",0.606056225622464,84.4964222512888,4249,13,5.16921628618498,1.92203570816953,0.773484069646441,92.5944448718935,7.51921274601687,"HR","Study2_SurrogateGroup6&8a_Conversation.csv"
"37",5.67988955213712,95.3249777104995,65542,49,4.53493942815294,2.09130412338613,0.57491535088297,96.6719691089973,5.19794792205553,"Resp","Study2_SurrogateGroup6&7d_TurnTaking.csv"
"38",0.636459292415251,84.5519818301707,6235,15,3.7018444266239,1.76704699068006,0.66957506790414,88.215253864752,4.09331973482917,"HR","Study2_SurrogateGroup6&7d_TurnTaking.csv"
"39",4.75800911861578,89.9532155682662,58601,26,4.00941963447723,1.89316792405153,0.588145684100457,94.7338800450233,5.48240794079851,"Resp","Study2_SurrogateGroup6&7d_Synchronous.csv"
"40",21.4537468865418,98.3105112154408,35483,503,25.4942930417383,3.32617799630431,0.557748594367846,99.685815510346,59.9953561384002,"HR","Study2_SurrogateGroup6&7d_Synchronous.csv"
"41",5.70076520374982,89.5881796569442,76754,27,3.65281288271621,1.75325815890801,0.544680271715606,93.236342953552,4.46181723652823,"Resp","Study2_SurrogateGroup6&7d_Conversation.csv"
"42",1.55955608724654,85.5703393631335,13718,16,4.17247412159207,1.95463868940789,0.72178820341378,91.1361937509344,4.99393790448104,"HR","Study2_SurrogateGroup6&7d_Conversation.csv"
"43",4.09880485983712,92.9487578329852,54081,36,3.86723618276289,1.84816494528933,0.524099828247282,96.6348162303898,4.89042328280329,"Resp","Study2_SurrogateGroup6&7c_TurnTaking.csv"
"44",0.796565013018062,88.5057807697936,4413,21,6.852028098799,2.39082355701918,0.79807650974859,99.7014488511635,15.5043240782886,"HR","Study2_SurrogateGroup6&7c_TurnTaking.csv"
"45",4.07590722102633,93.8306972420482,53087,56,3.95481002882062,1.88483847071955,0.543849422916768,96.5506607732634,4.68348255902183,"Resp","Study2_SurrogateGroup6&7c_Synchronous.csv"
"46",1.91968321123533,89.3035853089778,9611,50,7.65050463011133,2.49607160428853,0.726872715491892,99.3805868635834,16.2611287758347,"HR","Study2_SurrogateGroup6&7c_Synchronous.csv"
"47",5.43415435121626,92.21262017458,66249,40,4.15228909115609,1.96182036243884,0.5660617016011,95.0311079526408,5.13667331038232,"Resp","Study2_SurrogateGroup6&7c_Conversation.csv"
"48",0.878401488817663,81.8128732581287,4965,20,6.20805639476334,2.25794590387916,0.766850975637599,95.3178500331785,11.6707832304192,"HR","Study2_SurrogateGroup6&7c_Conversation.csv"
"49",3.99610248305493,90.9505315172401,57451,49,3.47287253485579,1.65572743029084,0.462039536758854,96.2018853819084,4.7833182230281,"Resp","Study2_SurrogateGroup6&7b_TurnTaking.csv"
"50",0.778915379918261,83.3153735632184,7815,17,3.5616122840691,1.69993019693363,0.613120216243388,85.9165469348659,3.81993611924408,"HR","Study2_SurrogateGroup6&7b_TurnTaking.csv"
"51",4.19693499529751,90.2759150509772,56749,31,3.66513947382333,1.75576093487296,0.552464189909814,95.0199004327313,5.58206481552309,"Resp","Study2_SurrogateGroup6&7b_Synchronous.csv"
"52",23.5591825771775,98.9532521230367,47259,487,21.1575784506655,2.73488085353757,0.454589330188757,99.6273985291891,49.3527796842828,"HR","Study2_SurrogateGroup6&7b_Synchronous.csv"
"53",5.95478873057276,88.7781166544814,78032,35,3.71915368054132,1.77800615650374,0.517767263134084,94.1440270176845,4.82789238371637,"Resp","Study2_SurrogateGroup6&7b_Conversation.csv"
"54",2.68687102781251,86.9317343653734,22649,25,4.42319749216301,2.05378946341776,0.646241244816454,90.8461398287068,5.15724137931034,"HR","Study2_SurrogateGroup6&7b_Conversation.csv"
"55",5.26452601978742,96.4564504297518,54336,58,5.13035556537102,2.27624005729268,0.584877996139167,99.0283871503509,10.2546132072091,"Resp","Study2_SurrogateGroup6&7a_TurnTaking.csv"
"56",0.422308856455324,82.2834428311158,2874,21,5.18580375782881,2.22315933941526,0.784677703173751,94.4514989234252,7.62388591800357,"HR","Study2_SurrogateGroup6&7a_TurnTaking.csv"
"57",3.83906147733671,92.4251842221389,46825,80,4.15989321943406,1.94201916883836,0.491495667479501,95.3637230665572,5.68591393894814,"Resp","Study2_SurrogateGroup6&7a_Synchronous.csv"
"58",1.34976560028221,87.5060457403441,8388,29,6.0394611349547,2.39158764321734,0.734044438311721,96.6541145581428,9.70430107526882,"HR","Study2_SurrogateGroup6&7a_Synchronous.csv"
"59",6.22081666787804,94.8146564724554,70419,51,4.5980914241895,2.11967533977236,0.574612254517681,97.5247510256193,6.2506662662813,"Resp","Study2_SurrogateGroup6&7a_Conversation.csv"
"60",0.480596944631679,82.4431184204143,3966,20,4.28492183560262,1.93567822700071,0.754665280766556,92.6405666327075,5.49841635473654,"HR","Study2_SurrogateGroup6&7a_Conversation.csv"
"61",5.07285620628933,91.9700375607759,70663,46,3.62452768775738,1.73056937088886,0.508811802637321,96.796920447282,5.10737225032684,"Resp","Study2_SurrogateGroup6&5d_TurnTaking.csv"
"62",0.906030042613255,70.869788986104,8918,14,3.08813635344248,1.44074934493196,0.57980018889437,86.1245496654658,3.96775340841731,"HR","Study2_SurrogateGroup6&5d_TurnTaking.csv"
"63",4.30411853289709,91.5173035495872,51869,50,4.1689255624747,1.92939578605566,0.556705946490913,94.8836343167669,5.37012551499473,"Resp","Study2_SurrogateGroup6&5d_Synchronous.csv"
"64",14.4080693096662,90.6922364912099,126974,28,4.41388788255863,1.98204349246352,0.601377911906917,99.6253851332108,54.744175706918,"HR","Study2_SurrogateGroup6&5d_Synchronous.csv"
"65",5.06385745245279,89.8369713800596,69939,38,3.5707688128226,1.7108654158601,0.508082895664969,93.7698749586313,4.73427170359608,"Resp","Study2_SurrogateGroup6&5d_Conversation.csv"
"66",1.14270299584453,76.8460141600865,11489,20,3.27817912786143,1.55811579518469,0.539071069639433,90.6041500887556,4.96766976171831,"HR","Study2_SurrogateGroup6&5d_Conversation.csv"
"67",4.4939849524077,93.9749659510993,53754,38,4.31298135952673,2.02368981111516,0.614013949534025,97.2768986315585,6.12646788522414,"Resp","Study2_SurrogateGroup6&5c_TurnTaking.csv"
"68",1.40297096716958,83.9897630205737,7411,80,6.81959249763865,2.46103287318646,0.738559973036306,96.8458138066274,12.9415944925605,"HR","Study2_SurrogateGroup6&5c_TurnTaking.csv"
"69",4.33574168403116,94.9180100581051,47653,58,4.74096069502445,2.15009681063542,0.568178928287257,97.1291966540205,6.19248386146305,"Resp","Study2_SurrogateGroup6&5c_Synchronous.csv"
"70",2.52095981362734,92.5345664739884,12426,41,8.05190729116369,2.44737997914576,0.672803301882435,99.1223121387283,16.0900765650803,"HR","Study2_SurrogateGroup6&5c_Synchronous.csv"
"71",5.95722968809117,95.3805602526977,63522,69,4.91048770504707,2.21612747311528,0.563638289213691,97.6528219037339,7.0763350321294,"Resp","Study2_SurrogateGroup6&5c_Conversation.csv"
"72",1.12069341374913,84.0223022031747,6741,20,5.99124758937843,2.26574888862198,0.769501050846502,96.4050179957143,9.85726441182727,"HR","Study2_SurrogateGroup6&5c_Conversation.csv"
"73",4.43082973064398,92.4259055982437,58998,40,3.8105359503712,1.81573766049026,0.519300367172297,96.2382367814107,4.80001230314961,"Resp","Study2_SurrogateGroup6&5b_TurnTaking.csv"
"74",1.92677104275758,87.5544530493708,16234,19,4.457003819145,1.99489633217862,0.690186764636345,91.5077444336883,4.97251446607049,"HR","Study2_SurrogateGroup6&5b_TurnTaking.csv"
"75",4.42345220978609,90.9698886472952,53939,51,4.09544114648028,1.90404540113813,0.523436509138619,95.1279073598208,5.50015476558966,"Resp","Study2_SurrogateGroup6&5b_Synchronous.csv"
"76",16.7664053572815,98.5743647078783,44789,279,15.8267878273683,1.88758164682733,0.339923534101136,99.7332843844821,91.6081236428663,"HR","Study2_SurrogateGroup6&5b_Synchronous.csv"
"77",6.28522880060273,92.1475088178949,77089,67,4.12436274954922,1.95083108697033,0.544389780122331,94.9275005289288,5.0048897513867,"Resp","Study2_SurrogateGroup6&5b_Conversation.csv"
"78",2.55996620223495,84.7410699648445,22956,21,4.05314514723819,1.91163868831524,0.6381206709261,90.3185850379788,5.04800203614151,"HR","Study2_SurrogateGroup6&5b_Conversation.csv"
"79",4.40454389706883,92.6532502874348,61196,67,3.66086018694032,1.75110811739785,0.509934374569223,96.6256400076098,4.53431277413345,"Resp","Study2_SurrogateGroup6&5a_TurnTaking.csv"
"80",0.892180792862554,69.9053990487639,7493,21,3.56999866542106,1.70110202696909,0.663210765553915,83.384727956933,4.19455764427501,"HR","Study2_SurrogateGroup6&5a_TurnTaking.csv"
"81",4.18456626279749,95.1327279534037,44609,58,4.89894415925037,2.19445066595677,0.55271771288813,97.4168328124048,6.83581268900632,"Resp","Study2_SurrogateGroup6&5a_Synchronous.csv"
"82",1.75435487793192,72.5656189780052,16788,14,3.25244222063379,1.52224137915525,0.593478142064284,80.9794670742242,3.55730048455835,"HR","Study2_SurrogateGroup6&5a_Synchronous.csv"
"83",4.83588294989352,94.1071220048743,63316,55,3.94574831006381,1.8774121447591,0.499152421304471,97.2901198991988,4.79903008231294,"Resp","Study2_SurrogateGroup6&5a_Conversation.csv"
"84",0.216528589957522,67.0399483148487,2148,14,2.89851024208566,1.30073126025563,0.564900408768083,75.2557338214709,3.15245827695083,"HR","Study2_SurrogateGroup6&5a_Conversation.csv"
"85",4.46888316538999,92.4753185557177,60727,36,3.73583414296771,1.7866273651645,0.520277816653183,96.3791037232091,4.84425003585404,"Resp","Study2_SurrogateGroup6&10d_TurnTaking.csv"
"86",0.484350697510236,77.1445075575238,4747,22,3.37602696439857,1.60318392279243,0.535155940651027,84.3410031770482,3.90309645800847,"HR","Study2_SurrogateGroup6&10d_TurnTaking.csv"
"87",4.40494465128827,89.7914116518345,55559,54,3.90809769794273,1.8299249384778,0.5106502769778,94.9920600787376,5.63640378858517,"Resp","Study2_SurrogateGroup6&10d_Synchronous.csv"
"88",6.77200334526996,97.3648150825948,18503,221,15.2840079987029,2.9550940078718,0.580141132049185,99.4921743202022,38.2753642384106,"HR","Study2_SurrogateGroup6&10d_Synchronous.csv"
"89",4.29251487663419,87.3771451851097,61561,27,3.34463377787885,1.5957974588955,0.516265138048077,92.36857293205,4.2769197516309,"Resp","Study2_SurrogateGroup6&10d_Conversation.csv"
"90",2.22504284757362,86.3506334286882,18890,22,4.36246691371096,2.03319707276539,0.690521042260139,88.9671287709702,5.09505520883341,"HR","Study2_SurrogateGroup6&10d_Conversation.csv"
"91",5.27846133696344,95.831507166053,60839,64,4.56434195170861,2.1084096519937,0.579617790318481,99.0112814000117,7.39767423871284,"Resp","Study2_SurrogateGroup6&10c_TurnTaking.csv"
"92",0.727412025205635,87.4419051892689,3897,21,7.00051321529382,2.45325000712864,0.818914970735427,99.1409981089137,14.2802400738689,"HR","Study2_SurrogateGroup6&10c_TurnTaking.csv"
"93",4.31590435016884,95.8198271204754,45947,92,4.94099723594576,2.19175595433617,0.523135219795241,98.5041869259859,8.38304597701149,"Resp","Study2_SurrogateGroup6&10c_Synchronous.csv"
"94",1.89438618096679,86.1503243037009,9292,22,7.53314679294016,2.46745464486849,0.810457040583862,99.4498529248871,17.7708379151089,"HR","Study2_SurrogateGroup6&10c_Synchronous.csv"
"95",6.15037500576084,95.1675482919374,70937,62,4.52962487841324,2.09527865288486,0.541247702452286,97.6752933650047,5.92328831094188,"Resp","Study2_SurrogateGroup6&10c_Conversation.csv"
"96",1.05974738875194,87.4001716058346,5282,41,7.52101476713366,2.27414094831553,0.735719739418252,99.6567883308033,18.9685929648241,"HR","Study2_SurrogateGroup6&10c_Conversation.csv"
"97",5.49947728898514,94.536637716875,69716,35,4.09386654426531,1.93716411955765,0.554028294091599,96.2096971865042,4.86563588850174,"Resp","Study2_SurrogateGroup6&10b_TurnTaking.csv"
"98",0.893416500331892,86.6985046582635,8353,22,3.9772536813121,1.89329410506068,0.63199709859739,89.394295258227,4.45506567824164,"HR","Study2_SurrogateGroup6&10b_TurnTaking.csv"
"99",5.30219691641487,92.7660510114336,59844,29,4.51199786110554,2.08207560520979,0.624834279784442,94.5796916226913,5.44987528210001,"Resp","Study2_SurrogateGroup6&10b_Synchronous.csv"
"100",16.4706982283452,98.8692519481623,31829,458,21.943730560181,3.12537346778452,0.536724855665125,99.5236645975921,41.7078958296257,"HR","Study2_SurrogateGroup6&10b_Synchronous.csv"
"101",6.65920535174471,92.0433190085538,82419,41,4.08255378007498,1.93484557740352,0.531903710989778,95.0460517497476,5.17395577395577,"Resp","Study2_SurrogateGroup6&10b_Conversation.csv"
"102",2.58792116932433,87.5275908357883,21461,29,4.52695587344485,2.07436332604158,0.622519812246611,88.7014964368406,4.90489712549195,"HR","Study2_SurrogateGroup6&10b_Conversation.csv"
"103",4.27759589001045,93.6352603002236,54457,38,4.0376627430817,1.91912157294545,0.539784442972791,97.1808793782604,5.40693266360233,"Resp","Study2_SurrogateGroup6&10a_TurnTaking.csv"
"104",0.600973504333486,80.3576970825574,4420,19,4.68619909502262,2.11795308367024,0.732761478825079,92.7684667908132,6.37483337776593,"HR","Study2_SurrogateGroup6&10a_TurnTaking.csv"
"105",3.68692060275621,92.9673565580858,45562,37,4.12986699442518,1.94036441916254,0.554943578714506,95.9629247180075,5.13450354234958,"Resp","Study2_SurrogateGroup6&10a_Synchronous.csv"
"106",0.812372742531489,85.9053468415464,5922,20,5.05437352245863,2.19922067496227,0.746906521250055,95.548603736762,7.16419195179686,"HR","Study2_SurrogateGroup6&10a_Synchronous.csv"
"107",4.71631246369303,93.4057912239436,61363,36,3.94107198148722,1.88334207828996,0.571430612272143,96.7166069931907,4.80657235541394,"Resp","Study2_SurrogateGroup6&10a_Conversation.csv"
"108",1.30322839068221,83.8807785888078,8296,21,5.65163934426229,2.20249055311533,0.735209408583901,96.942536138543,9.25008535336292,"HR","Study2_SurrogateGroup6&10a_Conversation.csv"
"109",5.68132862410693,92.2628532952851,76286,46,3.77204205227696,1.79902297161044,0.510164221454997,97.2323131923626,4.93150439887467,"Resp","Study2_SurrogateGroup5&9d_TurnTaking.csv"
"110",1.27993647064693,80.9570650490919,11624,18,3.82338265657261,1.81551446644896,0.640796948898226,86.682332367889,4.67124766859723,"HR","Study2_SurrogateGroup5&9d_TurnTaking.csv"
"111",8.01093111781828,96.382216239324,78625,95,5.39093163751987,2.3364729241036,0.553731166609181,98.3020747114414,7.65629427599887,"Resp","Study2_SurrogateGroup5&9d_Synchronous.csv"
"112",2.83375701001692,78.9215161961807,27479,17,3.49073838203719,1.6405754055167,0.605814251467336,82.7243481623485,3.77984962406015,"HR","Study2_SurrogateGroup5&9d_Synchronous.csv"
"113",4.8149162177764,91.6079630148077,67528,41,3.58577182798247,1.71523819135509,0.526454072596846,97.4349467694706,5.01366609562373,"Resp","Study2_SurrogateGroup5&9d_Conversation.csv"
"114",0.352526357290592,75.7738095238095,3671,10,3.12094797058022,1.45964759830081,0.664314250512526,81.8452380952381,3.5417859187178,"HR","Study2_SurrogateGroup5&9d_Conversation.csv"
"115",3.82394211360326,89.9643199108236,56766,23,3.32688581192968,1.58518404111714,0.520667550836802,94.4298093092163,3.81215023365834,"Resp","Study2_SurrogateGroup5&9c_TurnTaking.csv"
"116",1.54057748573632,96.6462860947999,7647,60,8.35098731528704,2.63351677082801,0.645859616755712,99.1888128821357,17.9561643835616,"HR","Study2_SurrogateGroup5&9c_TurnTaking.csv"
"117",5.08189139232763,89.8594154377765,66739,25,3.7562444747449,1.78973040139947,0.579005441822707,93.8608062284481,4.40263299482144,"Resp","Study2_SurrogateGroup5&9c_Synchronous.csv"
"118",1.25624819161206,94.1797665225219,6599,51,7.6898014850735,2.42255067286296,0.762274902246616,96.5034056531987,16.6230818414322,"HR","Study2_SurrogateGroup5&9c_Synchronous.csv"
"119",5.66283928171,93.1910444880497,75872,26,3.81831242091944,1.83036790392455,0.592152301866937,96.1327886254705,4.33087936931192,"Resp","Study2_SurrogateGroup5&9c_Conversation.csv"
"120",1.57825490593352,94.6596348165219,8991,31,7.12679346012679,2.29535411450044,0.68166096190891,98.9910181409915,17.6293080768219,"HR","Study2_SurrogateGroup5&9c_Conversation.csv"
"121",4.69678480354573,89.9866970217618,69528,24,3.33705845127143,1.58769154689259,0.513642750253273,97.0244767042744,4.74120612538852,"Resp","Study2_SurrogateGroup5&9b_TurnTaking.csv"
"122",1.73630888583252,86.6834069637846,15097,52,4.27594886401272,1.97574339219895,0.53559445809365,88.8480079494031,4.70731360273193,"HR","Study2_SurrogateGroup5&9b_TurnTaking.csv"
"123",5.69407989472551,90.9816529903866,71373,25,3.98463004217281,1.8842930975761,0.592907860648101,97.7580498104516,7.01250688452359,"Resp","Study2_SurrogateGroup5&9b_Synchronous.csv"
"124",1.48874771772991,77.0394499866882,14253,15,3.45134357679085,1.60340741755275,0.645258612708667,80.202966187963,3.62126997595814,"HR","Study2_SurrogateGroup5&9b_Synchronous.csv"
"125",4.76471264374098,91.0913497931688,67978,24,3.50501632881226,1.67071436878344,0.532839244383156,97.3261050748186,4.98632820151212,"Resp","Study2_SurrogateGroup5&9b_Conversation.csv"
"126",0.61834335461004,79.1222050450586,6330,13,3.31500789889415,1.54787633146576,0.622911259703785,81.6485049583349,3.4763204366672,"HR","Study2_SurrogateGroup5&9b_Conversation.csv"
"127",3.9187751348037,91.6286658578421,53500,29,3.68444859813084,1.7644852768646,0.529524905052069,95.6607027476793,4.65529566122246,"Resp","Study2_SurrogateGroup5&9a_TurnTaking.csv"
"128",1.03174579119202,85.3000994305342,8818,18,4.28067589022454,1.99840183042457,0.705348163990901,90.0049715267106,5.11480672916399,"HR","Study2_SurrogateGroup5&9a_TurnTaking.csv"
"129",6.79921430313668,95.3339959759198,74895,55,4.75114493624408,2.15763230347136,0.56040249015727,98.2226532673549,7.05986905449644,"Resp","Study2_SurrogateGroup5&9a_Synchronous.csv"
"130",3.63139452385743,95.4928347629565,18863,185,7.88485394688014,2.59266650384508,0.555955905400055,97.3631157224305,11.8214062987215,"HR","Study2_SurrogateGroup5&9a_Synchronous.csv"
"131",5.55900750667301,93.1179342661467,72205,38,3.9355723287861,1.87540580382662,0.536365436326998,96.3698921912377,4.6255426234665,"Resp","Study2_SurrogateGroup5&9a_Conversation.csv"
"132",1.46582884145896,89.3240019087005,11430,19,4.91321084864392,2.15406932103896,0.745256839420151,95.2473357722284,6.96221369608185,"HR","Study2_SurrogateGroup5&9a_Conversation.csv"
"133",5.00263313738274,93.3921282321112,69030,27,3.71548602057077,1.77986721345015,0.546290508178432,97.0851372953133,4.79156782402415,"Resp","Study2_SurrogateGroup5&8d_TurnTaking.csv"
"134",5.62960344748395,88.3531575110993,45340,221,4.70520511689457,2.10802289098697,0.52368663732882,92.1368696574117,5.42781857662186,"HR","Study2_SurrogateGroup5&8d_TurnTaking.csv"
"135",4.55121994138423,85.6871833049158,61193,25,3.49853741441015,1.66339595550724,0.530505190236597,97.4180094938482,6.56723868112892,"Resp","Study2_SurrogateGroup5&8d_Synchronous.csv"
"136",5.47045365152723,85.8151131568853,50989,28,3.94885171311459,1.83439614296893,0.556579775501098,89.5759280569407,4.31520377784622,"HR","Study2_SurrogateGroup5&8d_Synchronous.csv"
"137",4.08321187748069,90.0880644556867,60011,24,3.36498308643415,1.60355321360898,0.511419605069752,96.8677784023484,4.53437330326191,"Resp","Study2_SurrogateGroup5&8d_Conversation.csv"
"138",1.36963018073271,84.231581097644,12749,23,3.88116715036473,1.77284929273513,0.57354414230351,88.8771619229198,4.23816868252293,"HR","Study2_SurrogateGroup5&8d_Conversation.csv"
"139",4.48090579197322,92.9219549080029,59993,37,3.81002783658093,1.8188278624298,0.524802787471629,96.7595716829413,4.90307762030323,"Resp","Study2_SurrogateGroup5&8c_TurnTaking.csv"
"140",14.6454883504261,98.4541933388628,45330,280,13.6430840502978,2.88060928575754,0.551234008385388,99.8597470990256,40.5239356547581,"HR","Study2_SurrogateGroup5&8c_TurnTaking.csv"
"141",5.17273508743455,93.9267163206733,61825,35,4.31409623938536,2.01593957878471,0.587055064198167,97.5905481309316,6.09570630416612,"Resp","Study2_SurrogateGroup5&8c_Synchronous.csv"
"142",14.3322248493311,99.1049510748884,41897,278,14.5407308399169,2.36447680236054,0.427310748172958,99.9017430841935,50.3287166038354,"HR","Study2_SurrogateGroup5&8c_Synchronous.csv"
"143",6.1045432959375,92.9759069939544,77980,52,3.99562708386766,1.89632130575208,0.498158507839369,95.9417279883504,4.77440527456862,"Resp","Study2_SurrogateGroup5&8c_Conversation.csv"
"144",5.29153253606109,96.2900297855091,26866,80,8.13429613638056,2.12812091091973,0.614045896919199,99.813620261196,30.3094728391758,"HR","Study2_SurrogateGroup5&8c_Conversation.csv"
"145",5.54397922344398,93.180765249963,75057,35,3.77834179357022,1.80217326577118,0.540835131897838,97.1890453268495,4.81632852444068,"Resp","Study2_SurrogateGroup5&8b_TurnTaking.csv"
"146",8.59998773618625,89.6748604472736,66832,111,4.94930572180991,2.15436680938814,0.52406541299252,90.8192063591039,5.29206489628916,"HR","Study2_SurrogateGroup5&8b_TurnTaking.csv"
"147",5.88115925080092,95.4183766706416,63081,46,4.88360996179515,2.18969849069397,0.578643964104594,97.8761363460377,7.29181281151929,"Resp","Study2_SurrogateGroup5&8b_Synchronous.csv"
"148",9.54364856852616,86.1105071445847,90595,25,3.89068933164082,1.81789105864319,0.572013929180099,87.1187376475273,4.03631054114931,"HR","Study2_SurrogateGroup5&8b_Synchronous.csv"
"149",5.1341716018638,91.2928245011496,73018,45,3.52388452162481,1.68170789111616,0.444403704307723,97.3013823053561,4.84646378962994,"Resp","Study2_SurrogateGroup5&8b_Conversation.csv"
"150",1.67240182595597,86.0644081974069,14748,23,4.18592351505289,1.94929178199629,0.630626014171512,87.0988428830336,4.38428070175439,"HR","Study2_SurrogateGroup5&8b_Conversation.csv"
"151",3.90514949134271,93.3071802741873,51674,42,3.871018307079,1.85178338916808,0.53431174247067,97.1242519090023,5.08161273002392,"Resp","Study2_SurrogateGroup5&8a_TurnTaking.csv"
"152",9.17720301577905,96.0100504555224,31439,324,12.0203886892077,3.03772433949097,0.555539672403888,97.6139060094407,18.4846531319157,"HR","Study2_SurrogateGroup5&8a_TurnTaking.csv"
"153",4.29659528323213,84.0940695643326,59294,24,3.34521199446824,1.58371348684261,0.505092141072028,88.872589753591,3.84825231311499,"Resp","Study2_SurrogateGroup5&8a_Synchronous.csv"
"154",6.78083981943749,96.9841799245615,26729,249,10.5526581615474,2.4564195218045,0.459802664144624,98.4846974036646,19.5432587336245,"HR","Study2_SurrogateGroup5&8a_Synchronous.csv"
"155",4.71503733663118,91.8945753924254,61356,42,3.87670317491362,1.85024894515711,0.538804845498693,95.3994568051955,4.59107557869294,"Resp","Study2_SurrogateGroup5&8a_Conversation.csv"
"156",3.70987360577807,92.401236817959,21131,30,6.95788178505513,2.17149326323316,0.644877484150802,95.9407483754195,15.7153592752728,"HR","Study2_SurrogateGroup5&8a_Conversation.csv"
"157",5.36706445166166,95.4543448968717,65977,52,4.26269760674174,1.99748979139989,0.515987102134857,96.9643590500725,4.73230081166142,"Resp","Study2_SurrogateGroup5&7d_TurnTaking.csv"
"158",1.47713673056518,83.4898587325389,13072,37,4.04643512851897,1.90072586913777,0.558840212974906,87.5542577539263,4.73535939900973,"HR","Study2_SurrogateGroup5&7d_TurnTaking.csv"
"159",6.59783530786759,93.931772124639,72007,71,4.72480453289264,2.13857331702964,0.541240548380405,97.9008718987957,7.09970968064871,"Resp","Study2_SurrogateGroup5&7d_Synchronous.csv"
"160",4.1753156474839,83.3203969153623,40029,18,3.7275725099303,1.72277927077854,0.621361277624625,85.3730993237697,3.90117376881858,"HR","Study2_SurrogateGroup5&7d_Synchronous.csv"
"161",4.5505823778533,92.6644543274716,62516,49,3.70282807601254,1.76553187620426,0.478609262830558,96.957700021216,4.52080183660899,"Resp","Study2_SurrogateGroup5&7d_Conversation.csv"
"162",0.53918813086655,76.5891204704661,5200,15,3.40615384615385,1.62395163707492,0.615352921231032,83.8406987805933,3.88790856226188,"HR","Study2_SurrogateGroup5&7d_Conversation.csv"
"163",3.77729067924015,92.5916280864197,50629,32,3.79225345157913,1.81724891781376,0.55137708317975,96.4366319444444,4.73024246008279,"Resp","Study2_SurrogateGroup5&7c_TurnTaking.csv"
"164",4.9217529046703,97.9885928677,17864,171,11.5791536050157,2.85744073743607,0.603319469944235,99.8735172622882,29.5278711484594,"HR","Study2_SurrogateGroup5&7c_TurnTaking.csv"
"165",4.3042278295024,91.9479277319531,58459,38,3.71646795189791,1.78300151751852,0.529505457061575,96.112354890451,4.60725878438692,"Resp","Study2_SurrogateGroup5&7c_Synchronous.csv"
"166",7.7920915188267,98.2516771093278,27132,269,12.1024251805986,2.29912578843062,0.418865343921556,99.3141954363476,29.0540966386555,"HR","Study2_SurrogateGroup5&7c_Synchronous.csv"
"167",5.26259511309375,92.6337323207499,62874,51,4.25640169227344,2.00019118867113,0.545969027376466,95.8199779853097,5.36965840979186,"Resp","Study2_SurrogateGroup5&7c_Conversation.csv"
"168",3.71539931653719,93.2960999027329,22845,29,6.5078572991902,2.27900252261761,0.748558294194003,97.4842333155533,13.5614142295941,"HR","Study2_SurrogateGroup5&7c_Conversation.csv"
"169",3.5463833844386,90.4239690986419,53849,24,3.26916005868261,1.55359728419858,0.50261272940805,96.2544430975324,4.3852850322943,"Resp","Study2_SurrogateGroup5&7b_TurnTaking.csv"
"170",2.96851906988066,86.6714838871828,24458,165,4.51185706108431,2.03604901139912,0.544737555571922,88.1095812945233,4.86520947176685,"HR","Study2_SurrogateGroup5&7b_TurnTaking.csv"
"171",4.59040277438503,92.9792814993829,60006,38,3.90469286404693,1.86267968622391,0.537455749215971,97.6452100620245,6.74477824680664,"Resp","Study2_SurrogateGroup5&7b_Synchronous.csv"
"172",5.41141947582222,83.6642280416031,52201,27,3.71990958027624,1.74214014360585,0.591671335671232,85.6383941266189,3.92203871426034,"HR","Study2_SurrogateGroup5&7b_Synchronous.csv"
"173",4.62590595500732,91.2087609176754,61924,34,3.7404075964085,1.7821204329276,0.518965367896526,97.3529805549211,4.8982406086543,"Resp","Study2_SurrogateGroup5&7b_Conversation.csv"
"174",0.915892387132695,77.2802484535295,8482,16,3.57910870077812,1.7187795311643,0.634692639916623,82.5777053687346,3.93057070156307,"HR","Study2_SurrogateGroup5&7b_Conversation.csv"
"175",4.49272804144673,95.5829464593428,47652,52,4.94713758079409,2.21676647129434,0.5695963075095,98.9024266628824,9.5861039063114,"Resp","Study2_SurrogateGroup5&7a_TurnTaking.csv"
"176",2.80999878527624,92.9440268166808,18231,53,6.1443694805551,2.45710870860548,0.66165639564014,95.789980252568,8.16002261803789,"HR","Study2_SurrogateGroup5&7a_TurnTaking.csv"
"177",5.62602454182408,93.1568501112194,65095,86,4.41990936323834,2.0441710875223,0.525248066698941,96.6676272223643,6.4515201936167,"Resp","Study2_SurrogateGroup5&7a_Synchronous.csv"
"178",7.51060668340545,97.4560197185635,25036,250,12.5394631730308,2.55689942913337,0.46688878778926,98.2926306835996,27.3525397373877,"HR","Study2_SurrogateGroup5&7a_Synchronous.csv"
"179",5.36726482877138,94.1794165162026,60601,79,4.57903334928467,2.11084956590899,0.534224086452157,97.5546761515592,6.32568221830986,"Resp","Study2_SurrogateGroup5&7a_Conversation.csv"
"180",1.71644430538202,87.349733085209,12877,26,4.99386503067485,2.08928168034314,0.65740915411568,93.2503837324604,7.50519295944025,"HR","Study2_SurrogateGroup5&7a_Conversation.csv"
"181",5.07285620628933,91.9700375607759,70663,46,3.62452768775738,1.73056937088886,0.508811802637321,96.8285203352461,4.66038714137573,"Resp","Study2_SurrogateGroup5&6d_TurnTaking.csv"
"182",0.906030042613255,70.869788986104,8918,14,3.08813635344248,1.44074934493196,0.57980018889437,85.4760679361812,4.65405632618747,"HR","Study2_SurrogateGroup5&6d_TurnTaking.csv"
"183",4.30411853289709,91.5173035495872,51869,50,4.1689255624747,1.92939578605566,0.556705946490913,97.4483771441631,6.60865072759106,"Resp","Study2_SurrogateGroup5&6d_Synchronous.csv"
"184",14.4080693096662,90.6922364912099,126974,28,4.41388788255863,1.98204349246352,0.601377911906917,91.1830386039407,4.4718309300277,"HR","Study2_SurrogateGroup5&6d_Synchronous.csv"
"185",5.06385745245279,89.8369713800596,69939,38,3.5707688128226,1.7108654158601,0.508082895664969,97.4977337151244,4.97863663917412,"Resp","Study2_SurrogateGroup5&6d_Conversation.csv"
"186",1.14270299584453,76.8460141600865,11489,20,3.27817912786143,1.55811579518469,0.539071069639433,87.8782314174369,4.19499366903672,"HR","Study2_SurrogateGroup5&6d_Conversation.csv"
"187",4.4939849524077,93.9749659510993,53754,38,4.31298135952673,2.02368981111516,0.614013949534025,97.4730851546793,5.92670182875733,"Resp","Study2_SurrogateGroup5&6c_TurnTaking.csv"
"188",1.40297096716958,83.9897630205737,7411,80,6.81959249763865,2.46103287318646,0.738559973036306,87.5278359424336,11.6062141912737,"HR","Study2_SurrogateGroup5&6c_TurnTaking.csv"
"189",4.33574168403116,94.9180100581051,47653,58,4.74096069502445,2.15009681063542,0.568178928287257,98.4366662885424,6.80222970618976,"Resp","Study2_SurrogateGroup5&6c_Synchronous.csv"
"190",2.52095981362734,92.5345664739884,12426,41,8.05190729116369,2.44737997914576,0.672803301882435,94.0004624277457,13.4584216101695,"HR","Study2_SurrogateGroup5&6c_Synchronous.csv"
"191",5.95722968809117,95.3805602526977,63522,69,4.91048770504707,2.21612747311528,0.563638289213691,98.0925355700224,6.96800469177636,"Resp","Study2_SurrogateGroup5&6c_Conversation.csv"
"192",1.12069341374913,84.0223022031747,6741,20,5.99124758937843,2.26574888862198,0.769501050846502,88.5701208729482,11.2240970208278,"HR","Study2_SurrogateGroup5&6c_Conversation.csv"
"193",4.40454389706883,92.6532502874348,61196,67,3.66086018694032,1.75110811739785,0.509934374569223,96.6256400076098,4.53431277413345,"Resp","Study2_SurrogateGroup5&6b_TurnTaking.csv"
"194",0.892180792862554,69.9053990487639,7493,21,3.56999866542106,1.70110202696909,0.663210765553915,83.384727956933,4.19455764427501,"HR","Study2_SurrogateGroup5&6b_TurnTaking.csv"
"195",4.18456626279749,95.1327279534037,44609,58,4.89894415925037,2.19445066595677,0.55271771288813,97.4168328124048,6.83581268900632,"Resp","Study2_SurrogateGroup5&6b_Synchronous.csv"
"196",1.75435487793192,72.5656189780052,16788,14,3.25244222063379,1.52224137915525,0.593478142064284,80.9794670742242,3.55730048455835,"HR","Study2_SurrogateGroup5&6b_Synchronous.csv"
"197",4.83588294989352,94.1071220048743,63316,55,3.94574831006381,1.8774121447591,0.499152421304471,97.2901198991988,4.79903008231294,"Resp","Study2_SurrogateGroup5&6b_Conversation.csv"
"198",0.216528589957522,67.0399483148487,2148,14,2.89851024208566,1.30073126025563,0.564900408768083,75.2557338214709,3.15245827695083,"HR","Study2_SurrogateGroup5&6b_Conversation.csv"
"199",4.43082973064398,92.4259055982437,58998,40,3.8105359503712,1.81573766049026,0.519300367172297,96.2382367814107,4.80001230314961,"Resp","Study2_SurrogateGroup5&6a_TurnTaking.csv"
"200",1.92677104275758,87.5544530493708,16234,19,4.457003819145,1.99489633217862,0.690186764636345,91.5077444336883,4.97251446607049,"HR","Study2_SurrogateGroup5&6a_TurnTaking.csv"
"201",4.42345220978609,90.9698886472952,53939,51,4.09544114648028,1.90404540113813,0.523436509138619,95.1279073598208,5.50015476558966,"Resp","Study2_SurrogateGroup5&6a_Synchronous.csv"
"202",16.7664053572815,98.5743647078783,44789,279,15.8267878273683,1.88758164682733,0.339923534101136,99.7332843844821,91.6081236428663,"HR","Study2_SurrogateGroup5&6a_Synchronous.csv"
"203",6.28522880060273,92.1475088178949,77089,67,4.12436274954922,1.95083108697033,0.544389780122331,94.9275005289288,5.0048897513867,"Resp","Study2_SurrogateGroup5&6a_Conversation.csv"
"204",2.55996620223495,84.7410699648445,22956,21,4.05314514723819,1.91163868831524,0.6381206709261,90.3185850379788,5.04800203614151,"HR","Study2_SurrogateGroup5&6a_Conversation.csv"
"205",4.44148614966093,92.565067959413,62614,25,3.6045293384866,1.72804316705147,0.543742573064684,96.5724996103715,4.50944155048261,"Resp","Study2_SurrogateGroup5&10d_TurnTaking.csv"
"206",2.27610321281611,83.0757096176106,20077,29,4.03949793295811,1.89763562205148,0.589533652522671,88.3787632012948,4.96364054769302,"HR","Study2_SurrogateGroup5&10d_TurnTaking.csv"
"207",4.73378170444048,92.4361598965629,57656,47,4.16629665602886,1.95495115177571,0.529957992960572,97.4090692197577,6.49880619239557,"Resp","Study2_SurrogateGroup5&10d_Synchronous.csv"
"208",1.73908339882971,81.0778924788846,16755,21,3.60943002088929,1.69265766817957,0.625046635948861,84.0260088483711,3.86596348383913,"HR","Study2_SurrogateGroup5&10d_Synchronous.csv"
"209",3.92624373616601,91.6752112166357,56774,25,3.48036072850248,1.6675477629507,0.524707211384186,96.7954457935296,4.54997491985257,"Resp","Study2_SurrogateGroup5&10d_Conversation.csv"
"210",0.864575554302232,79.1246426837819,8669,16,3.38458876456339,1.61631195168588,0.596854501082742,82.1368858206138,3.63807931199236,"HR","Study2_SurrogateGroup5&10d_Conversation.csv"
"211",4.69898895175265,95.463602601974,54310,66,4.53426624930952,2.09711192340032,0.536068402586196,98.919591561417,7.18710567823344,"Resp","Study2_SurrogateGroup5&10c_TurnTaking.csv"
"212",1.49142896978602,92.3539894947474,8031,81,7.3561200348649,2.49384820683364,0.67604491766529,97.301775887944,12.4783480352847,"HR","Study2_SurrogateGroup5&10c_TurnTaking.csv"
"213",6.47842876657506,95.5697145733221,70887,68,4.79477196100837,2.16859339065461,0.566413295495167,98.8187592613941,8.65705980884816,"Resp","Study2_SurrogateGroup5&10c_Synchronous.csv"
"214",5.1411492685661,98.214561055028,16854,260,12.8497092678296,2.4059272386369,0.445321285833124,99.4471805755853,36.1621042216359,"HR","Study2_SurrogateGroup5&10c_Synchronous.csv"
"215",6.43050220515009,95.4882553567584,70300,57,4.79495021337127,2.18149263236234,0.557637986621091,97.9587096189365,6.33193561972424,"Resp","Study2_SurrogateGroup5&10c_Conversation.csv"
"216",3.3504459388474,96.5978204896244,17107,80,8.1143976150114,2.22403848010139,0.641721857197701,99.7814922548051,28.00546875,"HR","Study2_SurrogateGroup5&10c_Conversation.csv"
"217",4.61727152318846,94.3693978033077,63579,31,3.76224854118498,1.79806545820723,0.558600441904543,96.2761172831713,4.26042703259484,"Resp","Study2_SurrogateGroup5&10b_TurnTaking.csv"
"218",1.50520827383091,82.4718474573646,13012,30,4.09183830310483,1.92486521760372,0.577655186446679,85.54345637324,4.62413129029557,"HR","Study2_SurrogateGroup5&10b_TurnTaking.csv"
"219",7.11633840342069,96.4885246069492,68383,71,5.51224719594051,2.3601297238514,0.559337697370764,97.8323973153263,7.16094581428464,"Resp","Study2_SurrogateGroup5&10b_Synchronous.csv"
"220",4.02581835892919,82.9656742090358,37893,15,3.78053994141398,1.75756066402519,0.665980478825527,84.1905611314133,3.89870464236865,"HR","Study2_SurrogateGroup5&10b_Synchronous.csv"
"221",5.12830601737925,93.9412345573766,66790,85,3.95970953735589,1.86853422491925,0.454534555585301,97.510354283441,5.05174729946081,"Resp","Study2_SurrogateGroup5&10b_Conversation.csv"
"222",0.781410110092209,76.3120990601223,7771,16,3.29121091236649,1.55920076966735,0.575765090703538,78.4574071311353,3.43860337387211,"HR","Study2_SurrogateGroup5&10b_Conversation.csv"
"223",3.92992338854451,93.0884077519596,49888,36,4.02557729313663,1.91700226151152,0.575295500518583,96.8851250816959,5.25226153382249,"Resp","Study2_SurrogateGroup5&10a_TurnTaking.csv"
"224",2.22583556557282,91.5845265903401,17210,25,5.08036025566531,2.2505527841386,0.708154393939954,94.7301161657955,6.25378604522509,"HR","Study2_SurrogateGroup5&10a_TurnTaking.csv"
"225",4.39126435952463,91.6657333084438,55437,46,3.9860382055306,1.88530407239359,0.530272715860002,95.9745296911621,5.08251136837943,"Resp","Study2_SurrogateGroup5&10a_Synchronous.csv"
"226",2.4399393710622,96.1299569995222,10495,217,9.58551691281563,2.54116622548923,0.512038239116937,97.6273291925466,16.304979253112,"HR","Study2_SurrogateGroup5&10a_Synchronous.csv"
"227",4.2180474562217,93.0828827583824,54278,36,3.97101956593832,1.8952647874783,0.562844752338233,96.8115704192506,4.8584339307774,"Resp","Study2_SurrogateGroup5&10a_Conversation.csv"
"228",3.7344711789885,94.1226049334157,22620,33,6.66485411140584,2.33247574524446,0.679232509136318,98.3386713116443,13.5296340834908,"HR","Study2_SurrogateGroup5&10a_Conversation.csv"
"229",4.48063255045997,92.4125201751426,61876,54,3.67360527506626,1.7598360350447,0.503312520882009,97.5009249057816,5.43424272636636,"Resp","Study2_SurrogateGroup10&9d_TurnTaking.csv"
"230",1.29059153316557,90.4595873830256,9988,59,5.01331597917501,2.23123237268441,0.643797575828543,95.1602413556382,6.74369478939956,"HR","Study2_SurrogateGroup10&9d_TurnTaking.csv"
"231",4.35922223807023,91.5848328082037,57790,37,3.79249005018169,1.81260899630848,0.556339867513321,95.4965608885694,4.74402142323341,"Resp","Study2_SurrogateGroup10&9d_Synchronous.csv"
"232",1.91061358471509,92.5830109705053,12692,135,5.97770248975733,2.42670177903905,0.563816235695563,97.031007846535,8.51054265225302,"HR","Study2_SurrogateGroup10&9d_Synchronous.csv"
"233",4.14795190002129,89.8874874839707,61558,27,3.32501055914747,1.58308974885616,0.512153997476218,96.614084704973,4.77571310728086,"Resp","Study2_SurrogateGroup10&9d_Conversation.csv"
"234",1.58751105433592,92.3438440864163,11238,76,5.59494571987898,2.36523057355205,0.660030158671651,97.4900497877778,9.88091693956535,"HR","Study2_SurrogateGroup10&9d_Conversation.csv"
"235",4.69334196047871,92.7525150593057,69310,23,3.44791516375703,1.65103943124413,0.53413676976527,94.763009998137,3.79110897177106,"Resp","Study2_SurrogateGroup10&9c_TurnTaking.csv"
"236",0.792881205845316,96.7888964036816,3999,71,8.23080770192548,2.64774797718724,0.757255041106429,98.9031669950304,15.724170172978,"HR","Study2_SurrogateGroup10&9c_TurnTaking.csv"
"237",6.86331676214636,92.8383744014948,84406,24,4.14412482524939,1.96337706090663,0.635182819560916,94.3212340619791,4.51511917467094,"Resp","Study2_SurrogateGroup10&9c_Synchronous.csv"
"238",3.21134724522335,96.9986060289249,10749,241,12.4292492324867,2.99687008714926,0.593456542690916,97.8734680838706,20.9751050256729,"HR","Study2_SurrogateGroup10&9c_Synchronous.csv"
"239",5.85964603565729,92.9074155822354,78813,26,3.79200131957926,1.8166998723639,0.579398253434683,96.3093069380802,4.44014160205237,"Resp","Study2_SurrogateGroup10&9c_Conversation.csv"
"240",2.85149990405781,98.5306863338294,8654,480,13.9247746706725,3.04306443406346,0.629215685233211,99.0498928880967,21.6514745308311,"HR","Study2_SurrogateGroup10&9c_Conversation.csv"
"241",4.1219393079594,90.2072653349832,61821,22,3.30180682939454,1.57038125423327,0.533338019685448,97.2445642566731,5.29565363881402,"Resp","Study2_SurrogateGroup10&9b_TurnTaking.csv"
"242",1.12335135056998,94.7199103381001,7156,72,6.37744550027949,2.53943954779989,0.683826650509458,96.3720138643864,7.77902496230524,"HR","Study2_SurrogateGroup10&9b_TurnTaking.csv"
"243",4.59552149873334,87.2125195221145,62411,23,3.52530803864703,1.6765710884332,0.542396655410429,95.9536701575246,5.01315053741173,"Resp","Study2_SurrogateGroup10&9b_Synchronous.csv"
"244",1.43747751536999,93.4391929153015,10422,43,5.52763385146805,2.36734275778266,0.677059241590705,96.3489797904435,6.66924890535534,"HR","Study2_SurrogateGroup10&9b_Synchronous.csv"
"245",3.95167341299963,89.4792401340506,59051,36,3.28715855785677,1.56191828657775,0.479395950473047,96.5334919076397,4.76295858257329,"Resp","Study2_SurrogateGroup10&9b_Conversation.csv"
"246",2.60279628942694,96.0084202982935,12267,123,8.73718105486264,2.83427225822241,0.622386666501707,97.3762708827877,11.4911205073996,"HR","Study2_SurrogateGroup10&9b_Conversation.csv"
"247",4.97295910904322,94.1307262324266,64372,64,3.99203069657615,1.89558743745277,0.537547827064307,95.8996036601001,4.62943839298345,"Resp","Study2_SurrogateGroup10&9a_TurnTaking.csv"
"248",0.47549090810743,90.9777385505541,3363,45,5.51709782931906,2.35578105079005,0.692632854385765,93.5569285083848,6.723044397463,"HR","Study2_SurrogateGroup10&9a_TurnTaking.csv"
"249",10.8916617437654,97.8409938553036,88951,114,6.57671077334712,2.59799958831524,0.57879484420572,98.7804266165368,8.31733111771416,"Resp","Study2_SurrogateGroup10&9a_Synchronous.csv"
"250",3.10633542556483,94.5148312717665,16970,239,7.4203889216264,2.67929058864874,0.592528939156477,95.6662063168008,8.90442923012435,"HR","Study2_SurrogateGroup10&9a_Synchronous.csv"
"251",5.80647323717782,92.976423899233,75572,35,3.92165087598582,1.86591129809541,0.559963019195753,96.6243666766011,4.81482928964482,"Resp","Study2_SurrogateGroup10&9a_Conversation.csv"
"252",1.88305497662531,94.857921129202,12175,86,6.29256673511294,2.52179263960956,0.644626229475246,96.1344641862193,7.34560075685904,"HR","Study2_SurrogateGroup10&9a_Conversation.csv"
"253",4.41889818456517,93.9863633740343,58121,41,3.92274737186215,1.87138910909778,0.561606919198181,97.4264372459622,5.45691526206419,"Resp","Study2_SurrogateGroup10&8d_TurnTaking.csv"
"254",0.771780917925476,84.4118180170382,6347,19,4.40239483220419,2.03344790033556,0.70352469186028,90.9068938432723,5.72526636225266,"HR","Study2_SurrogateGroup10&8d_TurnTaking.csv"
"255",4.67818616454349,82.6782599215002,64515,23,3.29118809579168,1.54517051680154,0.49988653993502,95.8133449629307,4.99683210137276,"Resp","Study2_SurrogateGroup10&8d_Synchronous.csv"
"256",2.48871484324818,93.130164321448,13119,156,7.57748303986584,2.61032756881502,0.546193789002828,97.4705364336437,12.7549344121613,"HR","Study2_SurrogateGroup10&8d_Synchronous.csv"
"257",4.4509038738178,90.3736202571018,63299,45,3.48849112940173,1.67043677646398,0.496076632646407,96.7860226979729,4.82801845575926,"Resp","Study2_SurrogateGroup10&8d_Conversation.csv"
"258",4.59673852499894,95.3214713222017,18996,271,9.89324068224889,2.75254655086276,0.531196744161111,98.7274036803344,15.1712392829306,"HR","Study2_SurrogateGroup10&8d_Conversation.csv"
"259",6.25101896314318,95.822636154086,73509,71,4.47324817369302,2.06502611530072,0.513005141899435,97.2423861824985,5.33606242804145,"Resp","Study2_SurrogateGroup10&8c_TurnTaking.csv"
"260",3.57096143403619,97.5169757116741,14682,122,10.1727966217137,2.81785472834364,0.624682441178379,99.1015931052494,24.6003241491086,"HR","Study2_SurrogateGroup10&8c_TurnTaking.csv"
"261",7.53809578718057,96.6151541147614,80427,47,4.97106693025974,2.2361007772913,0.606173447819647,97.942075565168,5.99421725948384,"Resp","Study2_SurrogateGroup10&8c_Synchronous.csv"
"262",10.3134010609831,99.1612900308808,27876,401,15.7352561343091,3.15760514481517,0.588449358695523,99.8200503678116,25.80503769505,"HR","Study2_SurrogateGroup10&8c_Synchronous.csv"
"263",6.47338290663028,93.0285958701733,83514,66,3.95852192446775,1.87229182810866,0.478599391033936,96.3170365200948,4.96616464989408,"Resp","Study2_SurrogateGroup10&8c_Conversation.csv"
"264",6.81653544463669,99.3583341314252,15087,351,19.2541923510307,3.38986803300409,0.60590579263185,99.840609650983,33.1212980823783,"HR","Study2_SurrogateGroup10&8c_Conversation.csv"
"265",4.44469218341646,92.8134656841449,60484,34,3.74418027908207,1.79256399213977,0.512672705729242,97.2216985385126,5.29920696973082,"Resp","Study2_SurrogateGroup10&8b_TurnTaking.csv"
"266",3.74221183709832,95.1297467368618,20577,179,7.42032366234145,2.65843697063469,0.568913834598186,96.2069717454285,8.64161396832503,"HR","Study2_SurrogateGroup10&8b_TurnTaking.csv"
"267",4.67920626619297,91.9080320159457,61319,36,3.85012801904793,1.83464721624067,0.556655954414663,95.5580989753652,4.91878243792958,"Resp","Study2_SurrogateGroup10&8b_Synchronous.csv"
"268",4.05741050272077,96.6636785730704,21078,207,7.9807382104564,2.72362019253925,0.571927911460235,97.5727485864019,9.69454753068798,"HR","Study2_SurrogateGroup10&8b_Synchronous.csv"
"269",4.81116370099436,90.2887367671781,69829,30,3.41501381947329,1.63566400437902,0.502030552284463,96.7389328931227,4.83614097516657,"Resp","Study2_SurrogateGroup10&8b_Conversation.csv"
"270",5.80950380283145,97.7344966529144,24141,205,10.0876931361584,2.99618666846237,0.602877107821734,98.3738140722072,12.6559273027675,"HR","Study2_SurrogateGroup10&8b_Conversation.csv"
"271",4.76050472443684,95.6902060573593,58440,38,4.27912388774812,2.00934498407331,0.574671997343134,97.2904509537567,5.28968501643573,"Resp","Study2_SurrogateGroup10&8a_TurnTaking.csv"
"272",1.23297958681206,93.4988559650549,7680,83,6.43815104166667,2.53304240248851,0.724449284881889,95.6337575402303,9.05857066093498,"HR","Study2_SurrogateGroup10&8a_TurnTaking.csv"
"273",6.3958916134711,87.3242725967782,81906,28,3.74338876272801,1.77418429100077,0.558261245941994,89.076420059696,4.06411455896876,"Resp","Study2_SurrogateGroup10&8a_Synchronous.csv"
"274",5.62862420760259,95.4567672131691,22785,320,10.1139346061005,2.86835907568828,0.564481562509353,96.360194520616,12.3442292385248,"HR","Study2_SurrogateGroup10&8a_Synchronous.csv"
"275",4.57340715226055,91.2149890067871,63847,56,3.58682475292496,1.72007523975778,0.534371418266255,95.3864353312303,4.56423793096876,"Resp","Study2_SurrogateGroup10&8a_Conversation.csv"
"276",5.13175322875207,96.6165840538293,16030,291,13.2661260137243,3.0163501610834,0.559716090694178,97.2213009363798,16.9360506529482,"HR","Study2_SurrogateGroup10&8a_Conversation.csv"
"277",4.17081310663031,95.3887746055039,49304,35,4.429762291092,2.0660074465853,0.634114865067783,96.9637015587671,5.23388655759347,"Resp","Study2_SurrogateGroup10&7d_TurnTaking.csv"
"278",0.461338560298211,86.2232779097387,3878,16,4.39943269726663,2.04627904033155,0.755628178347168,91.5196846414312,5.55831798649478,"HR","Study2_SurrogateGroup10&7d_TurnTaking.csv"
"279",5.18348258695592,90.7395758289259,67207,45,3.84192122844347,1.8329622914324,0.533770856524556,95.8637170318568,5.02533068052025,"Resp","Study2_SurrogateGroup10&7d_Synchronous.csv"
"280",1.83570173379084,94.309955038484,9795,205,7.58080653394589,2.52773541482803,0.546540599669609,97.0724210633272,9.94263041498634,"HR","Study2_SurrogateGroup10&7d_Synchronous.csv"
"281",5.32055874610563,92.83175842235,69741,38,3.88785649761259,1.85713890135556,0.551522347640903,96.8125171185976,4.93060156931125,"Resp","Study2_SurrogateGroup10&7d_Conversation.csv"
"282",1.83022265350226,91.4712289328526,11378,202,6.31077518017226,2.39058532963679,0.527420376154544,97.9299099351584,10.2253258845438,"HR","Study2_SurrogateGroup10&7d_Conversation.csv"
"283",4.49520543116691,94.9601047124662,56944,31,4.11516577690363,1.95199397250174,0.579691856925317,96.6300740362522,4.94381440092882,"Resp","Study2_SurrogateGroup10&7c_TurnTaking.csv"
"284",2.86182855328266,98.3331296590492,12777,191,9.44658370509509,2.79796068785267,0.677942714439161,99.8786101266854,19.4906200317965,"HR","Study2_SurrogateGroup10&7c_TurnTaking.csv"
"285",6.05574236167012,95.2857516717353,72220,57,4.38613957352534,2.04995557424898,0.53243558073942,96.8484443762615,4.94238828423622,"Resp","Study2_SurrogateGroup10&7c_Synchronous.csv"
"286",5.78803047114728,98.2485468336482,20500,451,11.8977073170732,2.85866332551407,0.541606901342083,99.0936592400433,19.6832293166907,"HR","Study2_SurrogateGroup10&7c_Synchronous.csv"
"287",5.21344807290958,91.9542278127184,66108,38,3.98095540630484,1.89615537955494,0.552173105676795,95.7218728162124,5.37126499882362,"Resp","Study2_SurrogateGroup10&7c_Conversation.csv"
"288",3.64246926061094,96.5511723325674,15550,200,9.70025723472669,2.63446569955185,0.569617553639428,97.2751188975017,13.2010076441974,"HR","Study2_SurrogateGroup10&7c_Conversation.csv"
"289",3.72144011393078,92.2826906321282,51102,22,3.68924895307424,1.77056006894754,0.581555927133024,96.9969749478692,5.30347393212718,"Resp","Study2_SurrogateGroup10&7b_TurnTaking.csv"
"290",1.33738521035355,92.3188228936037,10240,43,5.17138671875,2.27245226288998,0.649920591602233,94.0586809853385,6.08950338600451,"HR","Study2_SurrogateGroup10&7b_TurnTaking.csv"
"291",4.16367239508391,90.4091070170757,58478,25,3.53379048531072,1.69175528637022,0.547308978086723,95.7208044765084,4.99600392756833,"Resp","Study2_SurrogateGroup10&7b_Synchronous.csv"
"292",2.93002561644899,95.3576828200843,18280,213,6.55557986870897,2.4898883295991,0.53950667604738,97.1385374393252,8.38074969106138,"HR","Study2_SurrogateGroup10&7b_Synchronous.csv"
"293",4.30530257945453,89.7616206747734,58662,31,3.61644676281068,1.73449584006534,0.526268717349514,96.7594120484375,4.86723422368841,"Resp","Study2_SurrogateGroup10&7b_Conversation.csv"
"294",3.78793301346385,94.3735920130981,21509,184,7.12841136268539,2.62399347738553,0.617628908093065,98.0734430588554,11.1799045747965,"HR","Study2_SurrogateGroup10&7b_Conversation.csv"
"295",6.28129412281186,98.0004118078655,55198,69,6.12206964020435,2.52228521954196,0.621184735998187,99.0464617874201,10.2735230417519,"Resp","Study2_SurrogateGroup10&7a_TurnTaking.csv"
"296",0.781829784327079,94.6053141681329,4775,29,6.64376963350785,2.59962615356504,0.788760566513315,96.9462917126413,9.0327868852459,"HR","Study2_SurrogateGroup10&7a_TurnTaking.csv"
"297",8.02681555778885,96.0028957616579,78499,104,5.38899858596925,2.33517715408365,0.521554944567152,97.3438875827198,6.89470046453314,"Resp","Study2_SurrogateGroup10&7a_Synchronous.csv"
"298",4.29445649971637,97.0796618727299,17641,288,10.136160081628,2.91818959115421,0.586366428704073,97.9841577492928,13.2431758144996,"HR","Study2_SurrogateGroup10&7a_Synchronous.csv"
"299",5.10659242512591,93.4588740573744,65059,49,4.02706773851427,1.91527719097741,0.512425491436843,97.4890666133969,6.14422212230216,"Resp","Study2_SurrogateGroup10&7a_Conversation.csv"
"300",2.00394447150307,93.542757417103,11739,244,6.84896498849987,2.46213415466869,0.532356460041608,94.8551483420593,8.08809523809524,"HR","Study2_SurrogateGroup10&7a_Conversation.csv"
"301",4.46888316538999,92.4753185557177,60727,36,3.73583414296771,1.7866273651645,0.520277816653183,97.209019834832,5.40168520238284,"Resp","Study2_SurrogateGroup10&6d_TurnTaking.csv"
"302",0.484350697510236,77.1445075575238,4747,22,3.37602696439857,1.60318392279243,0.535155940651027,92.8083180899201,5.94327990135635,"HR","Study2_SurrogateGroup10&6d_TurnTaking.csv"
"303",4.40494465128827,89.7914116518345,55559,54,3.90809769794273,1.8299249384778,0.5106502769778,95.9551890693751,5.1374958485553,"Resp","Study2_SurrogateGroup10&6d_Synchronous.csv"
"304",6.77200334526996,97.3648150825948,18503,221,15.2840079987029,2.9550940078718,0.580141132049185,97.9022495816894,17.7914659325533,"HR","Study2_SurrogateGroup10&6d_Synchronous.csv"
"305",4.29251487663419,87.3771451851097,61561,27,3.34463377787885,1.5957974588955,0.516265138048077,96.6088676138582,4.7758034740287,"Resp","Study2_SurrogateGroup10&6d_Conversation.csv"
"306",2.22504284757362,86.3506334286882,18890,22,4.36246691371096,2.03319707276539,0.690521042260139,97.7628283717372,10.1998469443533,"HR","Study2_SurrogateGroup10&6d_Conversation.csv"
"307",5.27846133696344,95.831507166053,60839,64,4.56434195170861,2.1084096519937,0.579617790318481,97.4220844879887,5.85209063206119,"Resp","Study2_SurrogateGroup10&6c_TurnTaking.csv"
"308",0.727412025205635,87.4419051892689,3897,21,7.00051321529382,2.45325000712864,0.818914970735427,89.1054200455143,11.0405083399523,"HR","Study2_SurrogateGroup10&6c_TurnTaking.csv"
"309",4.31590435016884,95.8198271204754,45947,92,4.94099723594576,2.19175595433617,0.523135219795241,97.6203741220962,6.1872023968755,"Resp","Study2_SurrogateGroup10&6c_Synchronous.csv"
"310",1.89438618096679,86.1503243037009,9292,22,7.53314679294016,2.46745464486849,0.810457040583862,87.261695240674,11.1901830808081,"HR","Study2_SurrogateGroup10&6c_Synchronous.csv"
"311",6.15037500576084,95.1675482919374,70937,62,4.52962487841324,2.09527865288486,0.541247702452286,98.1776124442444,7.04738923377838,"Resp","Study2_SurrogateGroup10&6c_Conversation.csv"
"312",1.05974738875194,87.4001716058346,5282,41,7.52101476713366,2.27414094831553,0.735719739418252,88.3594042197435,10.6927582534611,"HR","Study2_SurrogateGroup10&6c_Conversation.csv"
"313",4.27759589001045,93.6352603002236,54457,38,4.0376627430817,1.91912157294545,0.539784442972791,97.1808793782604,5.40693266360233,"Resp","Study2_SurrogateGroup10&6b_TurnTaking.csv"
"314",0.600973504333486,80.3576970825574,4420,19,4.68619909502262,2.11795308367024,0.732761478825079,92.7684667908132,6.37483337776593,"HR","Study2_SurrogateGroup10&6b_TurnTaking.csv"
"315",3.68692060275621,92.9673565580858,45562,37,4.12986699442518,1.94036441916254,0.554943578714506,95.9629247180075,5.13450354234958,"Resp","Study2_SurrogateGroup10&6b_Synchronous.csv"
"316",0.812372742531489,85.9053468415464,5922,20,5.05437352245863,2.19922067496227,0.746906521250055,95.548603736762,7.16419195179686,"HR","Study2_SurrogateGroup10&6b_Synchronous.csv"
"317",4.71631246369303,93.4057912239436,61363,36,3.94107198148722,1.88334207828996,0.571430612272143,96.7166069931907,4.80657235541394,"Resp","Study2_SurrogateGroup10&6b_Conversation.csv"
"318",1.30322839068221,83.8807785888078,8296,21,5.65163934426229,2.20249055311533,0.735209408583901,96.942536138543,9.25008535336292,"HR","Study2_SurrogateGroup10&6b_Conversation.csv"
"319",5.49947728898514,94.536637716875,69716,35,4.09386654426531,1.93716411955765,0.554028294091599,96.2096971865042,4.86563588850174,"Resp","Study2_SurrogateGroup10&6a_TurnTaking.csv"
"320",0.893416500331892,86.6985046582635,8353,22,3.9772536813121,1.89329410506068,0.63199709859739,89.394295258227,4.45506567824164,"HR","Study2_SurrogateGroup10&6a_TurnTaking.csv"
"321",5.30219691641487,92.7660510114336,59844,29,4.51199786110554,2.08207560520979,0.624834279784442,94.5796916226913,5.44987528210001,"Resp","Study2_SurrogateGroup10&6a_Synchronous.csv"
"322",16.4706982283452,98.8692519481623,31829,458,21.943730560181,3.12537346778452,0.536724855665125,99.5236645975921,41.7078958296257,"HR","Study2_SurrogateGroup10&6a_Synchronous.csv"
"323",6.65920535174471,92.0433190085538,82419,41,4.08255378007498,1.93484557740352,0.531903710989778,95.0460517497476,5.17395577395577,"Resp","Study2_SurrogateGroup10&6a_Conversation.csv"
"324",2.58792116932433,87.5275908357883,21461,29,4.52695587344485,2.07436332604158,0.622519812246611,88.7014964368406,4.90489712549195,"HR","Study2_SurrogateGroup10&6a_Conversation.csv"
"325",4.44148614966093,92.565067959413,62614,25,3.6045293384866,1.72804316705147,0.543742573064684,97.2730106389087,5.33524542223422,"Resp","Study2_SurrogateGroup10&5d_TurnTaking.csv"
"326",2.27610321281611,83.0757096176106,20077,29,4.03949793295811,1.89763562205148,0.589533652522671,95.5061819448286,7.59869600651997,"HR","Study2_SurrogateGroup10&5d_TurnTaking.csv"
"327",4.73378170444048,92.4361598965629,57656,47,4.16629665602886,1.95495115177571,0.529957992960572,96.0741607277541,5.08971928322427,"Resp","Study2_SurrogateGroup10&5d_Synchronous.csv"
"328",1.73908339882971,81.0778924788846,16755,21,3.60943002088929,1.69265766817957,0.625046635948861,97.3937525137418,11.1522873810255,"HR","Study2_SurrogateGroup10&5d_Synchronous.csv"
"329",3.92624373616601,91.6752112166357,56774,25,3.48036072850248,1.6675477629507,0.524707211384186,96.549084379944,4.7778441051544,"Resp","Study2_SurrogateGroup10&5d_Conversation.csv"
"330",0.864575554302232,79.1246426837819,8669,16,3.38458876456339,1.61631195168588,0.596854501082742,97.0389946604822,8.95124378109453,"HR","Study2_SurrogateGroup10&5d_Conversation.csv"
"331",4.69898895175265,95.463602601974,54310,66,4.53426624930952,2.09711192340032,0.536068402586196,97.010753688585,5.86841920127571,"Resp","Study2_SurrogateGroup10&5c_TurnTaking.csv"
"332",1.49142896978602,92.3539894947474,8031,81,7.3561200348649,2.49384820683364,0.67604491766529,95.86512006003,13.8489159891599,"HR","Study2_SurrogateGroup10&5c_TurnTaking.csv"
"333",6.47842876657506,95.5697145733221,70887,68,4.79477196100837,2.16859339065461,0.566413295495167,96.9362534901573,5.82697248326685,"Resp","Study2_SurrogateGroup10&5c_Synchronous.csv"
"334",5.1411492685661,98.214561055028,16854,260,12.8497092678296,2.4059272386369,0.445321285833124,99.082564646767,17.9481639694406,"HR","Study2_SurrogateGroup10&5c_Synchronous.csv"
"335",6.43050220515009,95.4882553567584,70300,57,4.79495021337127,2.18149263236234,0.557637986621091,98.1043137343773,7.39383846794338,"Resp","Study2_SurrogateGroup10&5c_Conversation.csv"
"336",3.3504459388474,96.5978204896244,17107,80,8.1143976150114,2.22403848010139,0.641721857197701,97.4203560145301,10.2014865554179,"HR","Study2_SurrogateGroup10&5c_Conversation.csv"
"337",3.92992338854451,93.0884077519596,49888,36,4.02557729313663,1.91700226151152,0.575295500518583,96.8851250816959,5.25226153382249,"Resp","Study2_SurrogateGroup10&5b_TurnTaking.csv"
"338",2.22583556557282,91.5845265903401,17210,25,5.08036025566531,2.2505527841386,0.708154393939954,94.7301161657955,6.25378604522509,"HR","Study2_SurrogateGroup10&5b_TurnTaking.csv"
"339",4.39126435952463,91.6657333084438,55437,46,3.9860382055306,1.88530407239359,0.530272715860002,95.9745296911621,5.08251136837943,"Resp","Study2_SurrogateGroup10&5b_Synchronous.csv"
"340",2.4399393710622,96.1299569995222,10495,217,9.58551691281563,2.54116622548923,0.512038239116937,97.6273291925466,16.304979253112,"HR","Study2_SurrogateGroup10&5b_Synchronous.csv"
"341",4.2180474562217,93.0828827583824,54278,36,3.97101956593832,1.8952647874783,0.562844752338233,96.8115704192506,4.8584339307774,"Resp","Study2_SurrogateGroup10&5b_Conversation.csv"
"342",3.7344711789885,94.1226049334157,22620,33,6.66485411140584,2.33247574524446,0.679232509136318,98.3386713116443,13.5296340834908,"HR","Study2_SurrogateGroup10&5b_Conversation.csv"
"343",4.61727152318846,94.3693978033077,63579,31,3.76224854118498,1.79806545820723,0.558600441904543,96.2761172831713,4.26042703259484,"Resp","Study2_SurrogateGroup10&5a_TurnTaking.csv"
"344",1.50520827383091,82.4718474573646,13012,30,4.09183830310483,1.92486521760372,0.577655186446679,85.54345637324,4.62413129029557,"HR","Study2_SurrogateGroup10&5a_TurnTaking.csv"
"345",7.11633840342069,96.4885246069492,68383,71,5.51224719594051,2.3601297238514,0.559337697370764,97.8323973153263,7.16094581428464,"Resp","Study2_SurrogateGroup10&5a_Synchronous.csv"
"346",4.02581835892919,82.9656742090358,37893,15,3.78053994141398,1.75756066402519,0.665980478825527,84.1905611314133,3.89870464236865,"HR","Study2_SurrogateGroup10&5a_Synchronous.csv"
"347",5.12830601737925,93.9412345573766,66790,85,3.95970953735589,1.86853422491925,0.454534555585301,97.510354283441,5.05174729946081,"Resp","Study2_SurrogateGroup10&5a_Conversation.csv"
"348",0.781410110092209,76.3120990601223,7771,16,3.29121091236649,1.55920076966735,0.575765090703538,78.4574071311353,3.43860337387211,"HR","Study2_SurrogateGroup10&5a_Conversation.csv"
"349",3.65309995881498,90.6630769383048,27128,26,3.37643762901799,1.60334111144633,0.511351959541475,97.4601352087025,5.00676294111665,"Resp","Study1_SurrogateGroup4&3d_TurnTaking.csv"
"350",4.94206103631179,92.7412860922581,15360,171,5.77356770833333,2.28681384019234,0.494449142192564,97.8070129571337,8.94301013578122,"HR","Study1_SurrogateGroup4&3d_TurnTaking.csv"
"351",3.57882220897429,91.4682375065682,25650,40,3.86830409356725,1.83489599251567,0.570042490716709,96.0139015643869,4.93803337758392,"Resp","Study1_SurrogateGroup4&3d_Synchronous.csv"
"352",6.16799840219541,94.7131169094611,22470,163,5.61041388518024,2.34362042515999,0.584832934230806,97.6003546125933,6.85065654168644,"HR","Study1_SurrogateGroup4&3d_Synchronous.csv"
"353",4.80898515828472,92.1044230472169,21007,44,4.25753320321798,1.9767079968867,0.560551872982943,97.9630297101076,5.61287467547793,"Resp","Study1_SurrogateGroup4&3d_SelfPaced.csv"
"354",4.76806183300876,96.201626739531,8048,192,7.52447813121272,2.63894471568998,0.597202965645293,97.9919933913707,9.42747974935045,"HR","Study1_SurrogateGroup4&3d_SelfPaced.csv"
"355",4.50757149794491,93.1365313653137,27811,66,4.17475099780662,1.97476863459728,0.580609830304001,96.123054708808,5.21962800017424,"Resp","Study1_SurrogateGroup4&3c_TurnTaking.csv"
"356",0.629857856891457,92.9186838434397,1726,20,6.56083429895713,2.35599912528534,0.800152131511422,99.0727824731271,13.5358744394619,"HR","Study1_SurrogateGroup4&3c_TurnTaking.csv"
"357",6.19452268019231,96.0343202262451,33144,49,5.44035119478639,2.35667242969675,0.647867109180452,97.6592583124291,6.60730758143557,"Resp","Study1_SurrogateGroup4&3c_Synchronous.csv"
"358",0.803721661327522,83.7061808118081,2282,19,6.36196319018405,2.20322460575529,0.918816026182871,98.2818265682657,13.7025723472669,"HR","Study1_SurrogateGroup4&3c_Synchronous.csv"
"359",8.23091448717612,96.3881301067376,27777,76,5.76732548511358,2.43184531161575,0.63162391762218,97.950686514001,7.0685597672702,"Resp","Study1_SurrogateGroup4&3c_SelfPaced.csv"
"360",2.22950899143388,95.7871848882245,4041,19,6.97698589458055,2.06792800033117,0.715453987772276,99.41903920636,18.8428847392144,"HR","Study1_SurrogateGroup4&3c_SelfPaced.csv"
"361",4.47434144655223,92.1384181475824,29874,25,3.8164624757314,1.82478582332571,0.574183421910737,97.4438545025497,5.08381819714984,"Resp","Study1_SurrogateGroup4&3b_TurnTaking.csv"
"362",1.49409705299706,94.9600470441731,4520,100,6.07345132743363,2.45715593136996,0.661669111904599,97.2154000484278,7.5426731078905,"HR","Study1_SurrogateGroup4&3b_TurnTaking.csv"
"363",3.88224531116127,91.3549297210939,27477,26,3.91239946136769,1.8508302189847,0.582378498850682,96.0441558883016,5.02820661120256,"Resp","Study1_SurrogateGroup4&3b_Synchronous.csv"
"364",2.37691969410013,94.2740724855243,9082,22,5.32437789033253,2.29622637906078,0.75421562035779,96.7110521903574,6.96420047732697,"HR","Study1_SurrogateGroup4&3b_Synchronous.csv"
"365",4.02101581732938,93.3012291548637,18817,32,4.02588085242068,1.89929484906999,0.582946154880775,97.8766903958421,5.49129353233831,"Resp","Study1_SurrogateGroup4&3b_SelfPaced.csv"
"366",3.53817335390596,94.8598831110445,7122,102,6.22156697556866,2.47494844591633,0.632651812753197,96.5233028622808,7.38888888888889,"HR","Study1_SurrogateGroup4&3b_SelfPaced.csv"
"367",4.76661403132592,93.307743658211,30696,39,4.00710190252802,1.90248023491636,0.583923837957134,95.8876987498483,4.47967537300209,"Resp","Study1_SurrogateGroup4&3a_TurnTaking.csv"
"368",1.95805323428159,84.9311091168242,6877,15,4.67892976588629,2.06009919468332,0.780619341446308,91.0890566436151,6.44564811355996,"HR","Study1_SurrogateGroup4&3a_TurnTaking.csv"
"369",5.76451107707118,95.9702850732858,30799,105,5.44452741972142,2.3523903229102,0.598294670885558,97.617426041768,6.6051194671417,"Resp","Study1_SurrogateGroup4&3a_Synchronous.csv"
"370",2.65940858059993,73.8695568837234,8266,16,5.12859908057101,2.12808311910756,0.785835919231262,95.2935231490355,8.37873448751341,"HR","Study1_SurrogateGroup4&3a_Synchronous.csv"
"371",8.56009758121987,95.3282923245145,29512,76,5.58328815397127,2.39328460519241,0.618227934547663,96.9701878518244,7.11849146351822,"Resp","Study1_SurrogateGroup4&3a_SelfPaced.csv"
"372",1.61967760969731,93.0926436889117,3270,19,6.08746177370031,2.17288855461618,0.751767847398903,97.9984099518309,11.1700426439232,"HR","Study1_SurrogateGroup4&3a_SelfPaced.csv"
"373",3.6124464588427,90.6997148497477,17225,45,3.84092888243832,1.82520419250784,0.547746750517384,97.7146852379908,5.58640959322831,"Resp","Study1_SurrogateGroup4&2d_SelfPaced.csv"
"374",1.39713573917911,89.2870696665763,3622,49,4.5469353948095,2.05466519866779,0.598332223248875,94.3670371374356,5.87048903878584,"HR","Study1_SurrogateGroup4&2d_SelfPaced.csv"
"375",4.54670839191558,91.5062793408054,21039,21,3.99310803745425,1.90015049980909,0.634285819391612,94.6889738478798,4.7176968578716,"Resp","Study1_SurrogateGroup4&2c_SelfPaced.csv"
"376",1.02416222984227,93.8540048812958,1924,11,6.5956340956341,1.99769481053915,0.867587832743915,98.6835293247541,16.6579275905119,"HR","Study1_SurrogateGroup4&2c_SelfPaced.csv"
"377",4.23451187847315,91.0075434185135,20671,25,3.76450099172754,1.79865329968984,0.565960614799566,97.8644523712064,5.62396666442637,"Resp","Study1_SurrogateGroup4&2b_SelfPaced.csv"
"378",2.12134364388453,94.9653645647361,4163,111,6.38866202257987,2.47200612977187,0.657238661526532,96.6828536742127,7.4001093194862,"HR","Study1_SurrogateGroup4&2b_SelfPaced.csv"
"379",5.25331052608381,93.068242880172,23505,26,4.20012763241863,1.97992196681245,0.622998247514164,95.3741150296483,4.82129241326725,"Resp","Study1_SurrogateGroup4&2a_SelfPaced.csv"
"380",1.04135658130845,89.6857724759965,2593,18,4.75510991129965,2.02375797758764,0.71429777140972,95.3956939191155,7.11611502984265,"HR","Study1_SurrogateGroup4&2a_SelfPaced.csv"
"381",4.97434432046497,91.6381267173749,22554,27,4.08109426265851,1.92183917843643,0.589865633509894,97.7589502608419,5.6200206043956,"Resp","Study1_SurrogateGroup4&1d_SelfPaced.csv"
"382",5.0363543127145,93.9404421717552,10748,80,5.81140677335318,2.38290356035347,0.615546326227741,96.3317792149195,7.1862448109503,"HR","Study1_SurrogateGroup4&1d_SelfPaced.csv"
"383",4.85533920913848,92.8366703725992,21079,26,4.31794677166849,2.01216027253132,0.62511273562835,95.5233014759131,5.1730004418913,"Resp","Study1_SurrogateGroup4&1c_SelfPaced.csv"
"384",2.40274018880458,95.2870338261719,4431,20,6.82148499210111,2.21047801890543,0.750729777232881,98.1652533022288,16.3975776724592,"HR","Study1_SurrogateGroup4&1c_SelfPaced.csv"
"385",4.29701060943196,91.677711572372,20146,39,3.94847612429266,1.8631398137401,0.547789382581963,97.7744995217076,5.68377328152218,"Resp","Study1_SurrogateGroup4&1b_SelfPaced.csv"
"386",3.97507652243863,95.0627870195697,7263,41,6.868787002616,2.57110878835198,0.755942246167285,97.0940757255283,9.08756911004102,"HR","Study1_SurrogateGroup4&1b_SelfPaced.csv"
"387",5.76082795466217,92.2862669245648,23260,26,4.61530524505589,2.10095303498685,0.652697758253188,94.9451966473243,5.83192522969691,"Resp","Study1_SurrogateGroup4&1a_SelfPaced.csv"
"388",3.80941992923805,93.9811500835123,8631,19,5.47619047619048,2.09865079652865,0.726083345782556,97.8028314642488,9.39400305576776,"HR","Study1_SurrogateGroup4&1a_SelfPaced.csv"
"389",3.65309995881498,90.6630769383048,27128,26,3.37643762901799,1.60334111144633,0.511351959541475,94.9974759722456,4.09886824685031,"Resp","Study1_SurrogateGroup3&4d_TurnTaking.csv"
"390",4.94206103631179,92.7412860922581,15360,171,5.77356770833333,2.28681384019234,0.494449142192564,95.8963847609885,8.83930981299402,"HR","Study1_SurrogateGroup3&4d_TurnTaking.csv"
"391",3.57882220897429,91.4682375065682,25650,40,3.86830409356725,1.83489599251567,0.570042490716709,96.7016049485144,5.78465865225543,"Resp","Study1_SurrogateGroup3&4d_Synchronous.csv"
"392",6.16799840219541,94.7131169094611,22470,163,5.61041388518024,2.34362042515999,0.584832934230806,98.1315222046085,12.4018230155716,"HR","Study1_SurrogateGroup3&4d_Synchronous.csv"
"393",4.80898515828472,92.1044230472169,21007,44,4.25753320321798,1.9767079968867,0.560551872982943,95.1495803511663,6.18730328801982,"Resp","Study1_SurrogateGroup3&4d_SelfPaced.csv"
"394",4.76806183300876,96.201626739531,8048,192,7.52447813121272,2.63894471568998,0.597202965645293,98.6639766156192,14.1796803652968,"HR","Study1_SurrogateGroup3&4d_SelfPaced.csv"
"395",4.50757149794491,93.1365313653137,27811,66,4.17475099780662,1.97476863459728,0.580609830304001,97.9752927964062,6.78721867185329,"Resp","Study1_SurrogateGroup3&4c_TurnTaking.csv"
"396",0.629857856891457,92.9186838434397,1726,20,6.56083429895713,2.35599912528534,0.800152131511422,95.0356937720522,9.94163090128755,"HR","Study1_SurrogateGroup3&4c_TurnTaking.csv"
"397",6.19452268019231,96.0343202262451,33144,49,5.44035119478639,2.35667242969675,0.647867109180452,98.8741005853186,9.8653948347327,"Resp","Study1_SurrogateGroup3&4c_Synchronous.csv"
"398",0.803721661327522,83.7061808118081,2282,19,6.36196319018405,2.20322460575529,0.918816026182871,86.1969557195572,9.57106274007682,"HR","Study1_SurrogateGroup3&4c_Synchronous.csv"
"399",8.23091448717612,96.3881301067376,27777,76,5.76732548511358,2.43184531161575,0.63162391762218,98.9657164173716,10.7189964157706,"Resp","Study1_SurrogateGroup3&4c_SelfPaced.csv"
"400",2.22950899143388,95.7871848882245,4041,19,6.97698589458055,2.06792800033117,0.715453987772276,97.4043623020996,9.42162339796254,"HR","Study1_SurrogateGroup3&4c_SelfPaced.csv"
"401",4.76661403132592,93.307743658211,30696,39,4.00710190252802,1.90248023491636,0.583923837957134,95.8876987498483,4.47967537300209,"Resp","Study1_SurrogateGroup3&4b_TurnTaking.csv"
"402",1.95805323428159,84.9311091168242,6877,15,4.67892976588629,2.06009919468332,0.780619341446308,91.0890566436151,6.44564811355996,"HR","Study1_SurrogateGroup3&4b_TurnTaking.csv"
"403",5.76451107707118,95.9702850732858,30799,105,5.44452741972142,2.3523903229102,0.598294670885558,97.617426041768,6.6051194671417,"Resp","Study1_SurrogateGroup3&4b_Synchronous.csv"
"404",2.65940858059993,73.8695568837234,8266,16,5.12859908057101,2.12808311910756,0.785835919231262,95.2935231490355,8.37873448751341,"HR","Study1_SurrogateGroup3&4b_Synchronous.csv"
"405",8.56009758121987,95.3282923245145,29512,76,5.58328815397127,2.39328460519241,0.618227934547663,96.9701878518244,7.11849146351822,"Resp","Study1_SurrogateGroup3&4b_SelfPaced.csv"
"406",1.61967760969731,93.0926436889117,3270,19,6.08746177370031,2.17288855461618,0.751767847398903,97.9984099518309,11.1700426439232,"HR","Study1_SurrogateGroup3&4b_SelfPaced.csv"
"407",4.47434144655223,92.1384181475824,29874,25,3.8164624757314,1.82478582332571,0.574183421910737,97.4438545025497,5.08381819714984,"Resp","Study1_SurrogateGroup3&4a_TurnTaking.csv"
"408",1.49409705299706,94.9600470441731,4520,100,6.07345132743363,2.45715593136996,0.661669111904599,97.2154000484278,7.5426731078905,"HR","Study1_SurrogateGroup3&4a_TurnTaking.csv"
"409",3.88224531116127,91.3549297210939,27477,26,3.91239946136769,1.8508302189847,0.582378498850682,96.0441558883016,5.02820661120256,"Resp","Study1_SurrogateGroup3&4a_Synchronous.csv"
"410",2.37691969410013,94.2740724855243,9082,22,5.32437789033253,2.29622637906078,0.75421562035779,96.7110521903574,6.96420047732697,"HR","Study1_SurrogateGroup3&4a_Synchronous.csv"
"411",4.02101581732938,93.3012291548637,18817,32,4.02588085242068,1.89929484906999,0.582946154880775,97.8766903958421,5.49129353233831,"Resp","Study1_SurrogateGroup3&4a_SelfPaced.csv"
"412",3.53817335390596,94.8598831110445,7122,102,6.22156697556866,2.47494844591633,0.632651812753197,96.5233028622808,7.38888888888889,"HR","Study1_SurrogateGroup3&4a_SelfPaced.csv"
"413",5.02332409972299,90.2267538683813,40215,35,4.0686062414522,1.91168377492271,0.556695078078874,95.7737314025433,6.3606665445889,"Resp","Study1_SurrogateGroup3&2d_SelfPaced.csv"
"414",0.585500063387041,88.9289856940327,3286,22,4.19963481436397,1.93943777717999,0.647400234761009,96.893929630107,7.48059701492537,"HR","Study1_SurrogateGroup3&2d_SelfPaced.csv"
"415",4.58063711911357,90.1802722528287,38289,23,3.89466948732012,1.84513581916206,0.606050983990046,94.8627548212698,4.82012045231072,"Resp","Study1_SurrogateGroup3&2c_SelfPaced.csv"
"416",2.54415963875423,97.9430520539819,7818,147,8.44755691992837,2.64648602735261,0.717422745923882,99.3548865490138,15.6676800748363,"HR","Study1_SurrogateGroup3&2c_SelfPaced.csv"
"417",5.4985595567867,88.5812451510846,44346,25,3.96500248049429,1.86382297612858,0.586466773573978,94.8760189019537,6.03554145434734,"Resp","Study1_SurrogateGroup3&2b_SelfPaced.csv"
"418",1.93824743886169,95.4507406902727,7645,123,6.41386527141923,2.53025493644844,0.650146908806867,97.574507017578,8.76771033758964,"HR","Study1_SurrogateGroup3&2b_SelfPaced.csv"
"419",4.47279778393352,91.1022617484579,36722,37,4.00580033767224,1.88704156213788,0.57255308404436,95.3699804295588,4.90889384762512,"Resp","Study1_SurrogateGroup3&2a_SelfPaced.csv"
"420",1.6220291097441,94.5336124680158,6963,48,5.83656469912394,2.42988526505639,0.694946377875776,96.2153989299837,7.1935652173913,"HR","Study1_SurrogateGroup3&2a_SelfPaced.csv"
"421",5.71132266949448,87.436492959791,32469,38,4.08133912347162,1.90379668310145,0.565378505252715,94.3896066192481,5.90209588249856,"Resp","Study1_SurrogateGroup3&1d_SelfPaced.csv"
"422",1.47981290820435,94.3522935779817,4032,84,6.37673611111111,2.53387174324191,0.696580543244783,98.0954128440367,9.63279279279279,"HR","Study1_SurrogateGroup3&1d_SelfPaced.csv"
"423",4.13435728495301,90.9097538077312,25309,24,3.94081156900707,1.85061611465936,0.590215126297389,95.9211018038301,5.06551143200963,"Resp","Study1_SurrogateGroup3&1c_SelfPaced.csv"
"424",2.22873400240789,96.649691771643,4022,22,9.86225758329189,2.70755248963423,0.889319275852942,97.9825052995785,15.1233546446032,"HR","Study1_SurrogateGroup3&1c_SelfPaced.csv"
"425",5.30294037512987,90.0597636457956,29700,36,4.26710437710438,1.95711134495857,0.5873323017787,95.4384917673979,6.44103400316532,"Resp","Study1_SurrogateGroup3&1b_SelfPaced.csv"
"426",1.89182540488496,95.7918305250165,4380,24,7.6189497716895,2.59994842602159,0.829198922713096,98.4786290438327,12.8683420855214,"HR","Study1_SurrogateGroup3&1b_SelfPaced.csv"
"427",4.37866312737857,89.2843003941684,25380,23,4.08758865248227,1.90371522285721,0.615881292988676,94.3172625092518,5.57601506054747,"Resp","Study1_SurrogateGroup3&1a_SelfPaced.csv"
"428",3.34377981687247,96.4498002403612,6927,118,8.57340840190559,2.86537414249479,0.674444474866026,97.5184331048819,11.1734276144399,"HR","Study1_SurrogateGroup3&1a_SelfPaced.csv"
"429",3.6124464588427,90.6997148497477,17225,45,3.84092888243832,1.82520419250784,0.547746750517384,94.2407874533889,4.70327038861522,"Resp","Study1_SurrogateGroup2&4d_SelfPaced.csv"
"430",1.39713573917911,89.2870696665763,3622,49,4.5469353948095,2.05466519866779,0.598332223248875,95.2615885063703,7.68635170603675,"HR","Study1_SurrogateGroup2&4d_SelfPaced.csv"
"431",4.54670839191558,91.5062793408054,21039,21,3.99310803745425,1.90015049980909,0.634285819391612,97.8651330479583,7.84844514325646,"Resp","Study1_SurrogateGroup2&4c_SelfPaced.csv"
"432",1.02416222984227,93.8540048812958,1924,11,6.5956340956341,1.99769481053915,0.867587832743915,96.3316322757192,9.1147655703289,"HR","Study1_SurrogateGroup2&4c_SelfPaced.csv"
"433",5.25331052608381,93.068242880172,23505,26,4.20012763241863,1.97992196681245,0.622998247514164,95.3741150296483,4.82129241326725,"Resp","Study1_SurrogateGroup2&4b_SelfPaced.csv"
"434",1.04135658130845,89.6857724759965,2593,18,4.75510991129965,2.02375797758764,0.71429777140972,95.3956939191155,7.11611502984265,"HR","Study1_SurrogateGroup2&4b_SelfPaced.csv"
"435",4.23451187847315,91.0075434185135,20671,25,3.76450099172754,1.79865329968984,0.565960614799566,97.8644523712064,5.62396666442637,"Resp","Study1_SurrogateGroup2&4a_SelfPaced.csv"
"436",2.12134364388453,94.9653645647361,4163,111,6.38866202257987,2.47200612977187,0.657238661526532,96.6828536742127,7.4001093194862,"HR","Study1_SurrogateGroup2&4a_SelfPaced.csv"
"437",5.02332409972299,90.2267538683813,40215,35,4.0686062414522,1.91168377492271,0.556695078078874,95.5140011690618,4.87124898051017,"Resp","Study1_SurrogateGroup2&3d_SelfPaced.csv"
"438",0.585500063387041,88.9289856940327,3286,22,4.19963481436397,1.93943777717999,0.647400234761009,92.8147957210981,5.06969376979937,"HR","Study1_SurrogateGroup2&3d_SelfPaced.csv"
"439",4.58063711911357,90.1802722528287,38289,23,3.89466948732012,1.84513581916206,0.606050983990046,96.6642678745291,5.82822868810618,"Resp","Study1_SurrogateGroup2&3c_SelfPaced.csv"
"440",2.54415963875423,97.9430520539819,7818,147,8.44755691992837,2.64648602735261,0.717422745923882,99.2851846359187,14.5191932335719,"HR","Study1_SurrogateGroup2&3c_SelfPaced.csv"
"441",4.47279778393352,91.1022617484579,36722,37,4.00580033767224,1.88704156213788,0.57255308404436,95.3699804295588,4.90889384762512,"Resp","Study1_SurrogateGroup2&3b_SelfPaced.csv"
"442",1.6220291097441,94.5336124680158,6963,48,5.83656469912394,2.42988526505639,0.694946377875776,96.2153989299837,7.1935652173913,"HR","Study1_SurrogateGroup2&3b_SelfPaced.csv"
"443",5.4985595567867,88.5812451510846,44346,25,3.96500248049429,1.86382297612858,0.586466773573978,94.8760189019537,6.03554145434734,"Resp","Study1_SurrogateGroup2&3a_SelfPaced.csv"
"444",1.93824743886169,95.4507406902727,7645,123,6.41386527141923,2.53025493644844,0.650146908806867,97.574507017578,8.76771033758964,"HR","Study1_SurrogateGroup2&3a_SelfPaced.csv"
"445",4.05009569870227,86.7327285415213,25029,26,3.72431978904471,1.74279498697969,0.541429704592923,94.0079088160037,4.6042198323004,"Resp","Study1_SurrogateGroup2&1d_SelfPaced.csv"
"446",2.28179004685984,93.7407777619116,5996,169,6.56904603068713,2.51498550774312,0.636504778461515,96.242086724737,8.82754857018118,"HR","Study1_SurrogateGroup2&1d_SelfPaced.csv"
"447",4.60382546094216,87.8889079881148,28298,27,3.79436709308078,1.77714677885576,0.545455531509498,95.2107326735915,5.23954954954955,"Resp","Study1_SurrogateGroup2&1c_SelfPaced.csv"
"448",1.59749197506963,97.4844477682972,2888,140,9.92970914127424,2.95223015029963,0.762613499526665,98.8238093619336,16.15953307393,"HR","Study1_SurrogateGroup2&1c_SelfPaced.csv"
"449",3.92668036105864,88.8138195777351,24194,34,3.82508059849549,1.79922605263306,0.534323725468542,94.7120921305182,4.77478349218637,"Resp","Study1_SurrogateGroup2&1b_SelfPaced.csv"
"450",1.6495162233654,92.4740740740741,4514,50,6.22264067346035,2.51033306425268,0.700521779671187,95.0716049382716,7.83450895279436,"HR","Study1_SurrogateGroup2&1b_SelfPaced.csv"
"451",5.25270750640347,87.285132149109,31122,24,3.90929246192404,1.82724933294661,0.582762782231807,94.4973742359457,5.72960981338901,"Resp","Study1_SurrogateGroup2&1a_SelfPaced.csv"
"452",2.66703014854063,95.1396807297605,7151,139,6.53405118165292,2.58137766978409,0.670462002193775,96.7258511158169,8.14540466392318,"HR","Study1_SurrogateGroup2&1a_SelfPaced.csv"
"453",4.97434432046497,91.6381267173749,22554,27,4.08109426265851,1.92183917843643,0.589865633509894,95.0031858548047,5.66051726183414,"Resp","Study1_SurrogateGroup1&4d_SelfPaced.csv"
"454",5.0363543127145,93.9404421717552,10748,80,5.81140677335318,2.38290356035347,0.615546326227741,97.9906752895172,11.5133415797844,"HR","Study1_SurrogateGroup1&4d_SelfPaced.csv"
"455",4.85533920913848,92.8366703725992,21079,26,4.31794677166849,2.01216027253132,0.62511273562835,98.1395538601197,8.5640409434802,"Resp","Study1_SurrogateGroup1&4c_SelfPaced.csv"
"456",2.40274018880458,95.2870338261719,4431,20,6.82148499210111,2.21047801890543,0.750729777232881,98.1715582736988,9.68615863141524,"HR","Study1_SurrogateGroup1&4c_SelfPaced.csv"
"457",5.76082795466217,92.2862669245648,23260,26,4.61530524505589,2.10095303498685,0.652697758253188,94.9451966473243,5.83192522969691,"Resp","Study1_SurrogateGroup1&4b_SelfPaced.csv"
"458",3.80941992923805,93.9811500835123,8631,19,5.47619047619048,2.09865079652865,0.726083345782556,97.8028314642488,9.39400305576776,"HR","Study1_SurrogateGroup1&4b_SelfPaced.csv"
"459",4.29701060943196,91.677711572372,20146,39,3.94847612429266,1.8631398137401,0.547789382581963,97.7744995217076,5.68377328152218,"Resp","Study1_SurrogateGroup1&4a_SelfPaced.csv"
"460",3.97507652243863,95.0627870195697,7263,41,6.868787002616,2.57110878835198,0.755942246167285,97.0940757255283,9.08756911004102,"HR","Study1_SurrogateGroup1&4a_SelfPaced.csv"
"461",5.71132266949448,87.436492959791,32469,38,4.08133912347162,1.90379668310145,0.565378505252715,94.0682774911255,5.6175578233973,"Resp","Study1_SurrogateGroup1&3d_SelfPaced.csv"
"462",1.47981290820435,94.3522935779817,4032,84,6.37673611111111,2.53387174324191,0.696580543244783,96.4330275229358,8.44137487953742,"HR","Study1_SurrogateGroup1&3d_SelfPaced.csv"
"463",4.13435728495301,90.9097538077312,25309,24,3.94081156900707,1.85061611465936,0.590215126297389,96.2191576049804,5.810380889476,"Resp","Study1_SurrogateGroup1&3c_SelfPaced.csv"
"464",2.22873400240789,96.649691771643,4022,22,9.86225758329189,2.70755248963423,0.889319275852942,98.9815062985795,22.6564417177914,"HR","Study1_SurrogateGroup1&3c_SelfPaced.csv"
"465",4.37866312737857,89.2843003941684,25380,23,4.08758865248227,1.90371522285721,0.615881292988676,94.3172625092518,5.57601506054747,"Resp","Study1_SurrogateGroup1&3b_SelfPaced.csv"
"466",3.34377981687247,96.4498002403612,6927,118,8.57340840190559,2.86537414249479,0.674444474866026,97.5184331048819,11.1734276144399,"HR","Study1_SurrogateGroup1&3b_SelfPaced.csv"
"467",5.30294037512987,90.0597636457956,29700,36,4.26710437710438,1.95711134495857,0.5873323017787,95.4384917673979,6.44103400316532,"Resp","Study1_SurrogateGroup1&3a_SelfPaced.csv"
"468",1.89182540488496,95.7918305250165,4380,24,7.6189497716895,2.59994842602159,0.829198922713096,98.4786290438327,12.8683420855214,"HR","Study1_SurrogateGroup1&3a_SelfPaced.csv"
"469",4.05009569870227,86.7327285415213,25029,26,3.72431978904471,1.74279498697969,0.541429704592923,94.1772505233775,5.44909825033647,"Resp","Study1_SurrogateGroup1&2d_SelfPaced.csv"
"470",2.28179004685984,93.7407777619116,5996,169,6.56904603068713,2.51498550774312,0.636504778461515,97.5272502260936,9.91267537493953,"HR","Study1_SurrogateGroup1&2d_SelfPaced.csv"
"471",4.60382546094216,87.8889079881148,28298,27,3.79436709308078,1.77714677885576,0.545455531509498,94.4871448567149,4.81255732510631,"Resp","Study1_SurrogateGroup1&2c_SelfPaced.csv"
"472",1.59749197506963,97.4844477682972,2888,140,9.92970914127424,2.95223015029963,0.762613499526665,99.1739470374273,18.8828478964401,"HR","Study1_SurrogateGroup1&2c_SelfPaced.csv"
"473",5.25270750640347,87.285132149109,31122,24,3.90929246192404,1.82724933294661,0.582762782231807,94.4973742359457,5.72960981338901,"Resp","Study1_SurrogateGroup1&2b_SelfPaced.csv"
"474",2.66703014854063,95.1396807297605,7151,139,6.53405118165292,2.58137766978409,0.670462002193775,96.7258511158169,8.14540466392318,"HR","Study1_SurrogateGroup1&2b_SelfPaced.csv"
"475",3.92668036105864,88.8138195777351,24194,34,3.82508059849549,1.79922605263306,0.534323725468542,94.7120921305182,4.77478349218637,"Resp","Study1_SurrogateGroup1&2a_SelfPaced.csv"
"476",1.6495162233654,92.4740740740741,4514,50,6.22264067346035,2.51033306425268,0.700521779671187,95.0716049382716,7.83450895279436,"HR","Study1_SurrogateGroup1&2a_SelfPaced.csv"
